"template_importId","processInstanceId","comparison","reportTitle","typeSelect","noOfPeriods","reportExportTypeSelect","name","company_importId","importId","modelAccountingReport_importId"
"","","0","","1","1","1","General ledger","","1",""
"","","0","","2","1","1","General balance","","2",""
"","","0","","3","1","1","Detailed customers balance","","3",""
"","","0","","4","1","1","Aged balance","","4",""
"","","0","","5","1","1","Cheque deposit slip","","5",""
"","","0","","7","1","1","Partner general ledger","","6",""
"","","0","","6","1","1","Partner balance","","7",""
"","","0","","10","1","1","Cash payments summary","","8",""
"","","0","","11","1","1","Journal","","9",""
"","","0","","12","1","1","VAT Statement on invoices","","10",""
"","","0","","15","1","1","VAT Statement on amount received","","11",""
"","","0","","13","1","1","Payment differences","","12",""
"","","0","","14","1","1","General ledger (old presentation)","","13",""
"","","0","","16","1","1","Acquisitions","","14",""
"","","0","","17","1","1","Summary of gross values and depreciation","","15",""
"","","0","","2000","1","1","Analytic balance","","16",""
"","","0","","2001","1","1","Analytic general ledger","","17",""
"","","0","","1000","1","2","Export journal entry -> Administration","","18",""
"","","0","","1001","1","2","Export journal entry -> Acc. Soft.","","19",""
"","","0","","1006","1","2","Export sale -> Acc. Soft.","","20",""
"","","0","","1007","1","2","Export refunds -> Acc. Soft.","","21",""
"","","0","","1008","1","2","Export treasury -> Acc. Soft.","","22",""
"","","0","","1009","1","2","Export purchase -> Acc. Soft.","","23",""
"","","0","","1010","1","2","Export general balance -> Acc. Soft.","","24",""
"","","0","","19","1","1","DADS report declaration preparatory process","","25",""
"","","0","","20","1","1","DADS report declaration support","","26",""
"","","0","","1011","1","2","Export N4DS","","27",""
"","","0","","21","1","1","Preparatory declaration DGI 2054","","28",""
"","","0","","22","1","1","Preparatory declaration DGI 2055","","29",""
