"processInstanceId","currentDomain","orderBy","metaField_name","title","advancedExport_importId","sequence","targetField","orderByType","importId"
"","Lead","false","fullName","Assigned to","1","0","user.fullName","asc","1"
"","Lead","false","referredBy","Referred by","1","0","referredBy","asc","2"
"","Lead","false","fullName","Created by","1","0","createdBy.fullName","asc","3"
"","Lead","false","fullName","Contact","1","0","partner.fullName","asc","4"
"","Lead","false","importId","Import ID","1","0","importId","asc","5"
"","Lead","false","statusDescription","Status description","1","0","statusDescription","asc","6"
"","Lead","false","statusSelect","Status","1","0","statusSelect","asc","7"
"","Lead","false","picture","Picture","1","0","picture","asc","8"
"","Lead","false","name","Team","1","0","team.name","asc","9"
"","Lead","false","fullName","Contact name","1","0","fullName","asc","10"
"","Lead","false","isRecycled","Recycled","1","0","isRecycled","asc","11"
"","Lead","false","enterpriseName","Enterprise","1","0","enterpriseName","asc","12"
"","Lead","false","department","Dep./Div.","1","0","department","asc","13"
"","Lead","false","lostReasonStr","Lost reason","1","0","lostReasonStr","asc","14"
"","Lead","false","archived","Archived","1","0","archived","asc","15"
"","Lead","false","webSite","Website","1","0","webSite","asc","16"
"","Lead","false","fullName","City","1","0","primaryCity.fullName","asc","17"
"","Lead","false","createdOn","Created on","1","0","createdOn","asc","18"
"","Lead","false","description","Description","1","0","description","asc","19"
"","Lead","false","primaryPostalCode","Postal code","1","0","primaryPostalCode","asc","20"
"","Lead","false","name","Lost reason","1","0","lostReason.name","asc","21"
"","Lead","false","name","Industry sector","1","0","industrySector.name","asc","22"
"","Lead","false","name","Region","1","0","primaryState.name","asc","23"
"","Lead","false","importOrigin","Imported from","1","0","importOrigin","asc","24"
"","Lead","false","primaryAddress","Address","1","0","primaryAddress","asc","25"
"","Lead","false","name","Last name","1","0","name","asc","26"
"","Lead","false","mobilePhone","Mobile N°","1","0","mobilePhone","asc","27"
"","Lead","false","firstName","First name","1","0","firstName","asc","28"
"","Lead","false","attrs","Attributes","1","0","attrs","asc","29"
"","Lead","false","version","Version","1","0","version","asc","30"
"","Lead","false","updatedOn","Updated on","1","0","updatedOn","asc","31"
"","Lead","false","fixedPhone","Fixed Phone","1","0","fixedPhone","asc","32"
"","Lead","false","fullName","Updated by","1","0","updatedBy.fullName","asc","33"
"","Lead","false","processInstanceId","Process instance","1","0","processInstanceId","asc","34"
"","Lead","false","name","Country","1","0","primaryCountry.name","asc","35"
"","Lead","false","sourceDescription","Source description","1","0","sourceDescription","asc","36"
"","Lead","false","id","Id","1","0","id","asc","37"
"","Lead","false","name","Email","1","0","emailAddress.name","asc","38"
"","Lead","false","isDoNotSendEmail","Rejection of e-mails","1","0","isDoNotSendEmail","asc","39"
"","Lead","false","isDoNotCall","Rejection of calls","1","0","isDoNotCall","asc","40"
"","Lead","false","titleSelect","Title","1","0","titleSelect","asc","41"
"","Lead","false","name","Source","1","0","source.name","asc","42"
"","Lead","false","name","Opportunities","1","0","opportunitiesList.name","asc","43"
"","Lead","false","estimatedBudget","Estimated budget","1","0","estimatedBudget","asc","44"
"","Lead","false","contactDate","Contact date","1","0","contactDate","asc","45"
"","Lead","false","subject","Events","1","0","eventList.subject","asc","46"
"","Lead","false","name","Job Title","1","0","jobTitleFunction.name","asc","47"
"","Lead","false","officeName","Office name","1","0","officeName","asc","48"
