"isInAppView","dependsOnSet_importId","initDataLoaded","languageSelect","importId","installOrder","image_importId","processInstanceId","isRolesImported","active","modules","sequence","name","demoDataLoaded","code","description","isCustom"
"false","10|18|20|19","true","en","30","32","34","","false","true","axelor-mobile","110","Axelor Mobile","false","mobile","Axelor Mobile Management","false"
"false","1","true","en","6","8","8","","false","true","axelor-account","6","Accounting","false","account","Accounting configuration ","false"
"false","","true","en","1","1","1","","false","true","axelor-exception,axelor-tool,axelor-message,axelor-admin,axelor-studio,axelor-base","1","Base","false","base","Basic configuration","false"
"false","6","true","en","16","5","20","","false","true","axelor-bank-payment","8","Bank payment","false","bank-payment","Bank payment configuration ","false"
"false","1","true","en","9","2","11","","false","true","axelor-crm","25","CRM","false","crm","CRM configuration","false"
"false","6","true","en","17","12","21","","false","true","axelor-human-resource","17","Employees Managment","false","employee","Employees Management","false"
"false","1","true","en","3","3","3","","false","true","axelor-stock","14","Stock","false","stock","Stock configuration","false"
"false","1","true","en","4","5","4","","false","true","axelor-purchase","3","Purchase","false","purchase","Purchase configuration","false"
"false","9","true","en","10","4","14","","false","true","axelor-sale","2","Sale","false","sale","Sales configuration","false"
"false","17|15","true","en","18","13","22","","false","true","axelor-human-resource","18","Leave Management","false","leave","Leave Management","false"
"false","6|17|15","true","en","20","14","24","","false","true","axelor-human-resource","20","Timesheet Management","false","timesheet","Timesheet Management","false"
"false","4","true","en","5","6","5","","false","true","axelor-purchase","4","Purchase Request","false","purchase-request","Purchase Request Configuration","false"
"false","1","true","en","15","7","19","","false","true","axelor-project","11","Projects","false","project","Project management","false"
"false","6","true","en","7","9","9","","false","true","axelor-account","5","Invoicing","false","invoice","Invoicing configuration","false"
"false","6","true","en","8","10","10","","false","true","axelor-account","7","Budget","false","budget","Budget configuration","false"
"false","1","true","en","26","26","30","","false","true","axelor-fleet","27","Fleet","false","fleet","Fleet management","false"
"false","6|3|4|10|7","true","en","11","12","15","","false","true","axelor-supplychain,axelor-supplier-management","13","Supplychain","false","supplychain","Supplychain management","false"
"false","6|17|15","true","en","19","15","23","","false","true","axelor-human-resource","19","Expense Management","false","expense","Expense Management","false"
"false","17|15","true","en","21","16","25","","false","true","axelor-human-resource","21","Extra hours","false","exthrs","Extra hours","false"
"false","17|15|11","true","en","22","17","26","","false","true","axelor-business-project","12","Job costing","false","business-project","Job costing","false"
"false","6","true","en","27","19","31","","false","true","axelor-cash-management","9","Cash management","false","cash-management","Cash management configuration","false"
"false","11","true","en","28","18","32","","false","true","axelor-production","15","Manufacturing","false","production","Manufacturing configuration","false"
"false","17","true","en","23","20","27","","false","true","axelor-talent","23","Training","false","training","Training","false"
"false","22","true","en","31","33","","","false","true","axelor-business-support","15","Business Support","false","business-support","axelor-business-support","false"
"false","17","true","en","25","22","29","","false","true","axelor-talent","24","Appraisal","false","appraisal","Appraisal","false"
"false","17","true","en","24","22","28","","false","true","axelor-talent","22","Recruitment","false","recruitment","Recruitment","false"
"false","9","true","en","13","23","17","","false","true","axelor-marketing","26","Marketing Management","false","marketing","Marketing Management Configuration","false"
"false","17|28","true","en","34","27","37","","false","true","axelor-quality","16","Quality","false","quality","Quality management","false"
"false","6|4|10","true","en","14","25","18","","false","true","axelor-contract","10","Contract","false","contract","Contract configuration","false"
"false","11","true","en","32","34","35","","false","true","Axelor-supplier-portal","32","Supplier Portal","false","supplier-portal","Supplier Portal configuration","false"
"false","1","true","en","2","29","2","","false","true","axelor-helpdesk","28","Helpdesk","false","helpdesk","Helpdesk Management","false"
"false","15|11|2","true","en","33","27","36","","false","true","axelor-client-portal","31","Portal","false","portal","Portal configuration","false"
"false","","true","en","12","28","16","","false","true","axelor-studio,axelor-bpm","29","BPM","false","bpm","Business Process Modeling","false"
"false","28","true","en","29","50","33","","false","true","axelor-maintenance","52","Maintenance","false","maintenance","Computerized Maintenance Management System","false"
