"description","acceptPerLineCodeSelect","displayPaymentModeSelect","feesImputationModeSelect","displayFurtherInformations","allowOrderCurrDiffFromBankDetails","receiverCountry_importId","isMultiCurrency","qualifyingOfDate","bankDetailsTypeSelect","fileGenerationSupported","dailyCodeSelect","displayBankOrderEconomicReason","currency_importId","importId","displayReceiverCountry","bankOrderEconomicReason_importId","displayAdditionnalInformations","entryCodeSelect","qualifyingOfAmountSelect","processInstanceId","ibanOnly","orderDebitTypeSelect","paymentModeSelect","displayFeesImputationModeSelect","orderTypeSelect","isMultiDate","name","displayReceiverAddress","orderFileFormatSelect"
"Remise de virement de trésorerie (intra groupe)","0","false","0","false","false","","false","","","false","0","false","46","1","false","","false","0","T","","false","","0","false","5","false","pain.001.001.02.ict - Virement de trésorerie (intra groupe)","false","pain.001.001.02.ict"
"Remise de virement","0","false","0","false","false","","false","","","false","0","false","46","2","false","","false","0","T","","false","","0","false","1","false","pain.001.001.02.mct - Virement","false","pain.001.001.02.mct"
"Remise de virement request for transfer","0","false","0","false","false","","false","","","false","0","false","46","3","false","","false","0","T","","false","","0","false","1","false","pain.001.001.02.rft - Virement request for transfer","false","pain.001.001.02.rft"
"Remise de virement SEPA - Version 2","0","false","0","false","false","","false","","1","true","0","false","46","4","false","","false","0","T","","false","","0","false","1","false","pain.001.001.02.sct - Virement SEPA","false","pain.001.001.02.sct"
"Remise de virement international","0","false","0","false","false","","false","","","false","0","false","46","5","false","","false","0","T","","false","","0","false","3","false","pain.001.001.02.xct - Virement international","false","pain.001.001.02.xct"
"Remise de virement SEPA - Version 3","0","false","0","false","false","","false","","1","true","0","false","46","6","false","","false","0","T","","false","","0","false","1","false","pain.001.001.03.sct - Virement SEPA","false","pain.001.001.03.sct"
"Remise de SDD BtoB","0","false","0","false","false","","false","","","true","0","false","46","7","false","","false","0","T","","false","","0","false","2","false","pain.008.001.01.sbb - SDD BtoB","false","pain.008.001.01.sbb"
"Remise de SDD CORE","0","false","0","false","false","","false","","","true","0","false","46","8","false","","false","0","T","","false","","0","false","2","false","pain.008.001.01.sdd - SDD CORE","false","pain.008.001.01.sdd"
"Remise de SDD BtoB","0","false","0","false","false","","false","","","true","0","false","46","9","false","","false","0","T","","false","","0","false","2","false","pain.008.001.02.sbb - SDD BtoB","false","pain.008.001.02.sbb"
"Remise de SDD CORE","0","false","0","false","false","","false","","","true","0","false","46","10","false","","false","0","T","","false","","0","false","2","false","pain.008.001.02.sdd - SDD CORE","false","pain.008.001.02.sdd"
"Remise de virement domestique France","0","false","0","false","false","","false","","","false","0","false","46","11","false","","false","0","T","","false","","0","false","1","false","pain.fin.mt101.dct - Virement domestique France","false","pain.fin.mt101.dct"
"Remise de virement","0","false","0","false","false","","false","","","false","0","false","46","12","false","","false","0","T","","false","","0","false","1","false","pain.fin.mt101.mct - Virement","false","pain.fin.mt101.mct"
"Remise de LCR","1","false","0","false","false","","false","","1","true","0","false","46","13","false","","false","3","T","","false","","0","false","8","false","pain.xxx.cfonb160.dco - LCR","false","pain.xxx.cfonb160.dco"
"Remise de virement domestique France","0","false","0","false","false","","false","","","false","0","false","46","14","false","","false","0","T","","false","","0","false","0","false","pain.xxx.cfonb160.dct - Virement domestique France","false","pain.xxx.cfonb160.dct"
"Remise d'avis de prélèvement accéléré domestique France","0","false","0","false","false","","false","","","false","0","false","46","15","false","","false","0","T","","false","","0","false","0","false","pain.xxx.cfonb160.dda - Prélèvement accéléré domestique France","false","pain.xxx.cfonb160.dda"
"Remise d'avis de prélèvement domestique France","0","false","0","false","false","","false","","","false","0","false","46","16","false","","false","0","T","","false","","0","false","0","false","pain.xxx.cfonb160.ddd - Prélèvement domestique France","false","pain.xxx.cfonb160.ddd"
"Remise de télérèglement domestique France","0","false","0","false","false","","false","","","false","0","false","46","17","false","","false","0","T","","false","","0","false","0","false","pain.xxx.cfonb160.dtg - Télérèglement domestique France","false","pain.xxx.cfonb160.dtg"
"Demande de vérification de domiciliation","0","false","0","false","false","","false","","","false","0","false","46","18","false","","false","0","T","","false","","0","false","0","false","pain.xxx.cfonb160.dvd - Vérification de domiciliation","false","pain.xxx.cfonb160.dvd"
"Remise de virement de trésorerie France (Intra groupe)","0","false","0","false","false","","false","","1,2","true","0","false","46","19","false","","false","0","T","","false","","0","false","5","false","pain.xxx.cfonb160.ict - Virement de trésorerie France","false","pain.xxx.cfonb160.ict"
"Bon à payer de LCR (réponse au relevé de LCR)","0","false","0","false","false","","false","","","false","0","false","46","20","false","","false","0","T","","false","","0","false","0","false","pain.xxx.cfonb240.bco - Bon à payer de LCR","false","pain.xxx.cfonb240.bco"
"Remise de télécollecte de chèque","0","false","0","false","false","","false","","","false","0","false","46","21","false","","false","0","T","","false","","0","false","0","false","pain.xxx.cfonb240.tch - Télécollecte de chèque","false","pain.xxx.cfonb240.tch"
"Remise de virement domestique France","0","false","0","false","false","","false","","","false","0","false","46","22","false","","false","0","T","","false","","0","false","0","false","pain.xxx.cfonb320.dct - Virement domestique France","false","pain.xxx.cfonb320.dct"
"Remise de virement  request for transfer","0","false","0","false","false","","false","","","false","0","false","46","23","false","","false","0","T","","false","","0","false","0","false","pain.xxx.cfonb320.rft - Virement  request for transfer","false","pain.xxx.cfonb320.rft"
"Remise de virement international","0","false","0","false","false","","false","","0, 1, 2","true","0","false","46","24","false","","false","0","T","","false","2","0","false","3","false","pain.xxx.cfonb320.xct - Virement international","false","pain.xxx.cfonb320.xct"
"Remise de lettre chèque où <FFF> est égale à la longueur des enregistrements","0","false","0","false","false","","false","","","false","0","false","46","25","false","","false","0","T","","false","","0","false","0","false","pain.xxx.fff.lch - Remise de lettre chèque","false","pain.xxx.fff.lch"
"Remise de chèques émis où <FFF> est égale à la longueur des enregistrements","0","false","0","false","false","","false","","","false","0","false","46","26","false","","false","0","T","","false","","0","false","0","false","pain.xxx.fff.ech - Remise de chèques émis","false","pain.xxx.fff.ech"
"Remise de VCOM","0","false","0","false","false","","false","","","false","0","false","46","27","false","","false","0","T","","false","","0","false","0","false","pain.xxx.payext912.vct - Remise de VCOM","false","pain.xxx.payext912.vct"
"Remise de VCOM","0","false","0","false","false","","false","","","false","0","false","46","28","false","","false","0","T","","false","","0","false","0","false","pain.xxx.payext96a.vct - Remise de VCOM","false","pain.xxx.payext96a.vct"
"Remise de virement de trésorerie France (Intra groupe)","0","false","0","false","false","","false","","","false","0","false","46","29","false","","false","0","T","","false","","0","false","0","false","pain.xxx.payord912.ict - Virement de trésorerie France (Intra groupe)","false","pain.xxx.payord912.ict"
"Remise de VCOM","0","false","0","false","false","","false","","","false","0","false","46","30","false","","false","0","T","","false","","0","false","0","false","pain.xxx.vcom400.vct - Remise de VCOM","false","pain.xxx.vcom400.vct"
"Remise de virement de trésorerie (intra groupe)","0","false","0","false","false","","false","","","false","0","false","","31","false","","false","0","T","","false","","0","false","0","false","pain.001.001.03.ict - Virement de trésorerie (intra groupe)","false","pain.001.001.03.ict"
"Remise de virement","0","false","0","false","false","","false","","","false","0","false","","32","false","","false","0","T","","false","","0","false","0","false","pain.xxx.cfonb320.sct","false","pain.xxx.cfonb320.sct"
"Remise de virement international edifact","0","false","0","false","false","","false","","","false","0","false","","33","false","","false","0","T","","false","","0","false","0","false","pain.xxx.payord912.xct","false","pain.xxx.payord912.xct"
"Remise de virement international","0","false","0","false","false","","false","","","false","0","false","","34","false","","false","0","T","","false","","0","false","0","false","pain.001.001.03.xct - Virement international","false","pain.001.001.03.xct"
"Remise de virement","0","false","0","false","false","","false","","","false","0","false","","35","false","","false","0","T","","false","","0","false","0","false","pain.fin.mt101.xct - Virement international","false","pain.fin.mt101.xct"
