"processInstanceId","query","sequence","ruleTypeSelect","name","confidenceIndex","importId"
"","description?.contains(%s) && operationInterbankCodeLine?.code.equals('01')","0","0","Description containing & Code 01 (Bank cheque issued)","0","1"
"","description?.contains(%s)","0","0","Description containing","0","2"
"","description?.startsWith(%s)","0","0","Description starting with an","0","3"
"","description?.endsWith(%s)","0","0","Description ending with an","0","4"
"","origin?.contains(%s)","0","0","Origin containing","0","5"
"","origin?.startsWith(%s)","0","0","Origin starting with an","0","6"
"","origin?.endsWith(%s)","0","0","Origin ending with an","0","7"
"","reference?.contains(%s)","0","0","Reference containing","0","8"
"","reference?.startsWith(%s)","0","0","Reference starting with an","0","9"
"","reference?.endsWith(%s)","0","0","Reference ending with an","0","10"
"","moveLine?.origin.equals(origin) && moveLine?.debit.equals(credit) && moveLine?.credit.equals(debit)","1","1","Origin and amount equal","1","11"
"","moveLine?.move?.paymentMode.equals(paymentMode) && moveLine?.debit.equals(credit) && moveLine?.credit.equals(debit) && (moveLine?.date?.equals(operationDate) || moveLine?.date?.equals(valueDate) || moveLine?.dueDate?.equals(operationDate) || moveLine?.dueDate?.equals(valueDate))","2","1","Equal amount, payment mode and dates","1","12"
"","moveLine?.debit.equals(credit) && moveLine?.credit.equals(debit) && (moveLine?.date?.equals(operationDate) || moveLine?.date?.equals(valueDate) || moveLine?.dueDate?.equals(operationDate) || moveLine?.dueDate?.equals(valueDate))","3","1","Equal amount and dates","1","13"
"","moveLine?.debit.equals(credit) && moveLine?.credit.equals(debit) && ((moveLine?.dueDate <= valueDate?.plusDays(%date) && moveLine?.dueDate >=valueDate?.minusDays(%date)) || (moveLine?.date <= valueDate?.plusDays(%date) && moveLine?.date >=valueDate?.minusDays(%date)) || (moveLine?.dueDate <= operationDate?.plusDays(%date) && moveLine?.dueDate >=operationDate?.minusDays(%date)) || (moveLine?.date <= operationDate?.plusDays(%date) && moveLine?.date >=operationDate?.minusDays(%date)))","4","1","Equal amount and date within ranges","1","14"
"","moveLine?.move?.paymentMode.equals(paymentMode) && moveLine?.debit.equals(credit) && moveLine?.credit.equals(debit) && ((moveLine?.dueDate <= valueDate?.plusDays(%date) && moveLine?.dueDate >=valueDate?.minusDays(%date)) || (moveLine?.date <= valueDate?.plusDays(%date) && moveLine?.date >=valueDate?.minusDays(%date)) || (moveLine?.dueDate <= operationDate?.plusDays(%date) && moveLine?.dueDate >=operationDate?.minusDays(%date)) || (moveLine?.date <= operationDate?.plusDays(%date) && moveLine?.date >=operationDate?.minusDays(%date)))","5","1","Amount and mode of payment equal and date within the ranges","1","15"
"","moveLine?.debit.equals(credit) && moveLine?.credit.equals(debit) && ((moveLine?.dueDate <= valueDate?.plusDays(%date) && moveLine?.dueDate >=valueDate?.minusDays(%date)) || (moveLine?.date <= valueDate?.plusDays(%date) && moveLine?.date >=valueDate?.minusDays(%date)) || (moveLine?.dueDate <= operationDate?.plusDays(%date) && moveLine?.dueDate >=operationDate?.minusDays(%date)) || (moveLine?.date <= operationDate?.plusDays(%date) && moveLine?.date >=operationDate?.minusDays(%date)))","6","1","Equal amount and date within ranges","2","16"
"","moveLine?.debit.equals(credit) && moveLine?.credit.equals(debit)","7","1","Equal amount","2","17"
"","moveLine?.debit >= credit * %amt- && moveLine?.debit <= credit * %amt+ && moveLine?.credit >= debit * %amt- && moveLine?.credit <= debit * %amt+ && ((moveLine?.dueDate <= valueDate?.plusDays(%date) && moveLine?.dueDate >=valueDate?.minusDays(%date)) || (moveLine?.date <= valueDate?.plusDays(%date) && moveLine?.date >=valueDate?.minusDays(%date)) || (moveLine?.dueDate <= operationDate?.plusDays(%date) && moveLine?.dueDate >=operationDate?.minusDays(%date)) || (moveLine?.date <= operationDate?.plusDays(%date) && moveLine?.date >=operationDate?.minusDays(%date)))","8","1","Amount and date within ranges","3","18"
