"processInstanceId","description","statementFileFormatSelect","name","importId"
"","Relevé de virement reçu","camt.054.001.02.act","camt.054.001.02.act - Relevé de virement reçu","1"
"","Relevé de SDD reçu","camt.054.001.02.add","camt.054.001.02.add - Relevé de SDD reçu","2"
"","Relevé de SDD BtoB reçu","camt.054.001.02.abb","camt.054.001.02.abb- Relevé de SDD BtoB reçu","3"
"","Relevé de virement reçu","camt.xxx.cfonb240.act","camt.xxx.cfonb240.act - Relevé de virement reçu","4"
"","Relevé de LCR","camt.xxx.cfonb240.pco","camt.xxx.cfonb240.pco - Relevé de LCR","5"
"","Relevé de MCF PRESTO EUR CFONB","camt.xxx.cfonb240.rep","camt.xxx.cfonb240.rep - Relevé de MCF PRESTO EUR CFONB","6"
"","Retour d'opération","camt.xxx.cfonb240.dri","camt.xxx.cfonb240.dri - Retour d'opération","7"
"","Relevé de virement rejeté","camt.xxx.cfonb240.rct","camt.xxx.cfonb240.rct - Relevé de virement rejeté","8"
"","Relevé de prélèvement rejeté","camt.xxx.cfonb240.rsd","camt.xxx.cfonb240.rsd - Relevé de prélèvement rejeté","9"
"","Relevé de télérèglement rejeté","camt.xxx.cfonb240.rtg","camt.xxx.cfonb240.rtg - Relevé de télérèglement rejeté","10"
"","Relevé de TIP rejeté","camt.xxx.cfonb240.rti","camt.xxx.cfonb240.rti - Relevé de TIP rejeté","11"
"","Relevé de chèque impayé","camt.xxx.cfonb240.rch","camt.xxx.cfonb240.rch - Relevé de chèque impayé","12"
"","Relevé de LCR impayé","camt.xxx.cfonb240.rco","camt.xxx.cfonb240.rco - Relevé de LCR impayé","13"
"","Relevé de prélèvement reçu","camt.xxx.cfonb240.ard","camt.xxx.cfonb240.ard - Relevé de prélèvement reçu","14"
"","Relevé de télérèglement reçu","camt.xxx.cfonb240.atg","camt.xxx.cfonb240.atg - Relevé de télérèglement reçu","15"
"","Relevé de TIP reçu","camt.xxx.cfonb240.ati","camt.xxx.cfonb240.ati - Relevé de TIP reçu","16"
"","Relevé de chèque présenté au paiement","camt.xxx.cfonb240.ach","camt.xxx.cfonb240.ach - Relevé de chèque présenté au paiement","17"
"","Relevé de changement de domiciliation","camt.xxx.cfonb240.cai","camt.xxx.cfonb240.cai - Relevé de changement de domiciliation","18"
"","Relevé de compte comptable","camt.053.001.02.stm","camt.053.001.02.stm - Relevé de compte comptable","19"
"","Relevé de compte","camt.xxx.cfonb120.stm","camt.xxx.cfonb120.stm - Relevé de compte","20"
"","Relevé de compte intraday","camt.xxx.cfonb120.rep","camt.xxx.cfonb120.rep - Relevé de compte intraday","21"
"","Relevé de compte","camt.fin.mt940.stm","camt.fin.mt940.stm - Relevé de compte","22"
"","Relevé de mouvements previsionels télétransmis","camt.fin.mt942.rep","camt.fin.mt942.rep - Relevé de mouvements previsionels télétransmis","23"
"","Accusé de réception applicatif","camt.xxx.cfonb560.ara","camt.xxx.cfonb560.ara - Accusé de réception applicatif","24"
"","Payment Initiation Status","pain.002.001.01.ara","pain.002.001.01.ara - PSR","25"
"","Payment Status Report","pain.002.001.02.ara","pain.002.001.02.ara - PSR","26"
"","Payment Status Report niveau protocolaire","pain.002.001.02.ack","pain.002.001.02.ack - PSR niveau protocolaire","27"
"","Payment Status Report","pain.002.001.03.ara","pain.002.001.03.ara - PSR","28"
"","Payment Status Report niveau protocolaire","pain.002.001.03.ack","pain.002.001.03.ack - PSR niveau protocolaire","29"
"","Compte rendu de remises d’opérations cartess","camt.xxx.cb2a.cbc","camt.xxx.cb2a.cbc - Compte rendu de remises d’opérations cartes","30"
"","Relevé de virement rejeté","camt.054.001.02.rct","camt.054.001.02.rct - Relevé de virement rejeté","31"
"","Relevé de prélèvement reçu","camt.054.001.02.ard","camt.054.001.02.ard - Relevé de prélèvement reçu","32"
"","Relevé de prélèvement rejeté","camt.054.001.02.rsd","camt.054.001.02.rsd - Relevé de prélèvement rejeté","33"
"","Relevé prévisionnel intraday","camt.052.001.02.rep","camt.052.001.02.rep - Relevé prévisionnel intraday","34"
"","Relevé de SDD rejeté","camt.054.001.02.rdd","camt.054.001.02.rdd - Relevé de SDD rejeté","35"
"","Relevé de SDD reçu","camt.054.001.xx.add","camt.054.001.xx.add - Relevé de SDD reçu","36"
