"processInstanceId","symbol","code","name","codeISO","importId"
"","د.إ","AED","United Arab Emirates dirham","AED","1"
"","؋","AFN","Afghani","AFN","2"
"","Lek","ALL","Lek","ALL","3"
"","","AMD","Armenian Dram","AMD","4"
"","ƒ","ANG","Netherlands Antillian Guilder","ANG","5"
"","Kz","AOA","Kwanza","AOA","6"
"","$","ARS","Argentine Peso","ARS","7"
"","$","AUD","Australian Dollar","AUD","8"
"","ƒ","AWG","Aruban Guilder","AWG","9"
"","ман","AZN","Azerbaijanian Manat","AZN","10"
"","KM","BAM","Convertible Marks","BAM","11"
"","$","BBD","Barbados Dollar","BBD","12"
"","","BDT","Bangladeshi Taka","BDT","13"
"","лв","BGN","Bulgarian Lev","BGN","14"
"","","BHD","Bahraini Dinar","BHD","15"
"","","BIF","Burundian Franc","BIF","16"
"","$","BMD","Bermudian Dollar (customarily known as Bermuda Dollar)","BMD","17"
"","$","BND","Brunei Dollar","BND","18"
"","$b","BOB","Boliviano Mvdol","BOB","19"
"","R$","BRL","Brazilian Real","BRL","20"
"","$","BSD","Bahamian Dollar","BSD","21"
"","","BTN","Ngultrum","BTN","22"
"","P","BWP","Pula","BWP","23"
"","p.","BYR","Belarussian Ruble","BYR","24"
"","BZ$","BZD","Belize Dollar","BZD","25"
"","$","CAD","Canadian Dollar","CAD","26"
"","","CDF","Franc Congolais","CDF","27"
"","","CHF","Swiss Franc","CHF","28"
"","$","CLP","Chilean Peso","CLP","29"
"","¥","CNY","Yuan Renminbi","CNY","30"
"","$","COP","Colombian Peso","COP","31"
"","","COU","Unidad de Valor Real","COU","32"
"","₡","CRC","Costa Rican Colon","CRC","33"
"","₱","CUP","Cuban Peso","CUP","34"
"","","CVE","Cape Verde Escudo","CVE","35"
"","","CYP","Cyprus Pound","CYP","36"
"","Kč","CZK","Czech Koruna","CZK","37"
"","","DJF","Djibouti Franc","DJF","38"
"","","DKK","Danish Krone","DKK","39"
"","RD$","DOP","Dominican Peso","DOP","40"
"","","DZD","Algerian Dinar","DZD","41"
"","","EEK","Kroon","EEK","42"
"","£","EGP","Egyptian Pound","EGP","43"
"","","ERN","Nakfa","ERN","44"
"","","ETB","Ethiopian Birr","ETB","45"
"","€","EUR","Euro","EUR","46"
"","$","FJD","Fiji Dollar","FJD","47"
"","£","FKP","Falkland Islands Pound","FKP","48"
"","£","GBP","Pound Sterling","GBP","49"
"","","GEL","Lari","GEL","50"
"","","GHS","Cedi","GHS","51"
"","£","GIP","Gibraltar pound","GIP","52"
"","","GMD","Dalasi","GMD","53"
"","","GNF","Guinea Franc","GNF","54"
"","Q","GTQ","Quetzal","GTQ","55"
"","$","GYD","Guyana Dollar","GYD","56"
"","$","HKD","Hong Kong Dollar","HKD","57"
"","L","HNL","Lempira","HNL","58"
"","kn","HRK","Croatian Kuna","HRK","59"
"","","HTG","Haiti Gourde","HTG","60"
"","Ft","HUF","Forint","HUF","61"
"","Rp","IDR","Rupiah","IDR","62"
"","₪","ILS","New Israeli Shekel","ILS","63"
"","","INR","Indian Rupee","INR","64"
"","","IQD","Iraqi Dinar","IQD","65"
"","﷼","IRR","Iranian Rial","IRR","66"
"","kr","ISK","Iceland Krona","ISK","67"
"","J$","JMD","Jamaican Dollar","JMD","68"
"","","JOD","Jordanian Dinar","JOD","69"
"","¥","JPY","Japanese yen","JPY","70"
"","","KES","Kenyan Shilling","KES","71"
"","лв","KGS","Som","KGS","72"
"","៛","KHR","Riel","KHR","73"
"","","KMF","Comoro Franc","KMF","74"
"","₩","KPW","North Korean Won","KPW","75"
"","₩","KRW","South Korean Won","KRW","76"
"","","KWD","Kuwaiti Dinar","KWD","77"
"","$","KYD","Cayman Islands Dollar","KYD","78"
"","лв","KZT","Tenge","KZT","79"
"","₭","LAK","Kip","LAK","80"
"","£","LBP","Lebanese Pound","LBP","81"
"","₨","LKR","Sri Lanka Rupee","LKR","82"
"","$","LRD","Liberian Dollar","LRD","83"
"","","LSL","Loti","LSL","84"
"","Lt","LTL","Lithuanian Litas","LTL","85"
"","Ls","LVL","Latvian Lats","LVL","86"
"","","LYD","Libyan Dinar","LYD","87"
"","","MAD","Moroccan Dirham","MAD","88"
"","","MDL","Moldovan Leu","MDL","89"
"","","MGA","Malagasy Ariary","MGA","90"
"","ден","MKD","Denar","MKD","91"
"","","MMK","Kyat","MMK","92"
"","₮","MNT","Tugrik","MNT","93"
"","","MOP","Pataca","MOP","94"
"","","MRO","Ouguiya","MRO","95"
"","","MTL","Maltese Lira","MTL","96"
"","₨","MUR","Mauritius Rupee","MUR","97"
"","","MVR","Rufiyaa","MVR","98"
"","","MWK","Kwacha","MWK","99"
"","$","MXN","Mexican Peso","MXN","100"
"","","MXV","Mexican Unidad de Inversion (UDI) (Funds code)","MXV","101"
"","RM","MYR","Malaysian Ringgit","MYR","102"
"","MT","MZN","Metical","MZN","103"
"","","NAD","Namibian Dollar","NAD","104"
"","₦","NGN","Naira","NGN","105"
"","C$","NIO","Cordoba Oro","NIO","106"
"","kr","NOK","Norwegian Krone","NOK","107"
"","₨","NPR","Nepalese Rupee","NPR","108"
"","$","NZD","New Zealand Dollar","NZD","109"
"","﷼","OMR","Rial Omani","OMR","110"
"","B/.","PAB","Balboa","PAB","111"
"","S/.","PEN","Nuevo Sol","PEN","112"
"","","PGK","Kina","PGK","113"
"","Php","PHP","Philippine Peso","PHP","114"
"","₨","PKR","Pakistan Rupee","PKR","115"
"","zł","PLN","Zloty","PLN","116"
"","Gs","PYG","Guarani","PYG","117"
"","﷼","QAR","Qatari Rial","QAR","118"
"","lei","RON","Romanian New Leu","RON","119"
"","Дин.","RSD","Serbian Dinar","RSD","120"
"","руб","RUB","Russian Ruble","RUB","121"
"","","RWF","Rwanda Franc","RWF","122"
"","﷼","SAR","Saudi Riyal","SAR","123"
"","$","SBD","Solomon Islands Dollar","SBD","124"
"","₨","SCR","Seychelles Rupee","SCR","125"
"","","SDG","Sudanese Pound","SDG","126"
"","kr","SEK","Swedish Krona","SEK","127"
"","$","SGD","Singapore Dollar","SGD","128"
"","£","SHP","Saint Helena Pound","SHP","129"
"","","SKK","Slovak Koruna","SKK","130"
"","","SLL","Leone","SLL","131"
"","S","SOS","Somali Shilling","SOS","132"
"","$","SRD","Surinam Dollar","SRD","133"
"","","STD","Dobra","STD","134"
"","£","SYP","Syrian Pound","SYP","135"
"","","SZL","Lilangeni","SZL","136"
"","","THB","Baht","THB","137"
"","","TJS","Somoni","TJS","138"
"","","TMM","Manat","TMM","139"
"","","TND","Tunisian Dinar","TND","140"
"","","TOP","Pa'anga","TOP","141"
"","TL","TRY","New Turkish Lira","TRY","142"
"","TT$","TTD","Trinidad and Tobago Dollar","TTD","143"
"","NT$","TWD","New Taiwan Dollar","TWD","144"
"","","TZS","Tanzanian Shilling","TZS","145"
"","₴","UAH","Hryvnia","UAH","146"
"","","UGX","Uganda Shilling","UGX","147"
"","$","USD","US Dollar","USD","148"
"","","USN","USN","USN","149"
"","","USS","USS","USS","150"
"","$U","UYU","Peso Uruguayo","UYU","151"
"","лв","UZS","Uzbekistan Som","UZS","152"
"","Bs","VEB","Venezuelan bolívar","VEB","153"
"","₫","VND","Vietnamese đồng","VND","154"
"","","VUV","Vatu","VUV","155"
"","","WST","Samoan Tala","WST","156"
"","CFA","XAF","CFA Franc BEAC","XAF","157"
"","","XCD","East Caribbean Dollar","XCD","158"
"","","XOF","CFA Franc BCEAO","XOF","159"
"","","XPF","CFP franc","XPF","160"
"","","XTS","Code reserved for testing purposes","XTS","161"
"","","XXX","No currency","XXX","162"
"","﷼","YER","Yemeni Rial","YER","163"
"","","ZAR","South African Rand","ZAR","164"
"","","ZMK","Kwacha","ZMK","165"
"","","ZWD","Zimbabwe Dollar","ZWD","166"
