"parent_importId","relatedName","subject","body","type","relatedModel","root_importId","from_importId","importId","summary","processInstanceId","author_importId","messageId","relatedId","recipients_importId"
"","perm.exception.all","Record created","{""title"":""Record created"",""tracks"":[{""name"":""name"",""title"":""Name"",""value"":""perm.exception.all""},{""name"":""object"",""title"":""Object"",""value"":""com.axelor.exception.db.*""},{""name"":""canRead"",""title"":""Read"",""value"":""True""},{""name"":""canWrite"",""title"":""Write"",""value"":""True""},{""name"":""canCreate"",""title"":""Create"",""value"":""True""},{""name"":""canRemove"",""title"":""Remove"",""value"":""True""},{""name"":""canExport"",""title"":""Export"",""value"":""True""},{""name"":""condition"",""title"":""Condition"",""value"":""""},{""name"":""conditionParams"",""title"":""Condition params"",""value"":""""}],""tags"":[]}","notification","com.axelor.auth.db.Permission","","","5","","","1","<130522257.4.1682961689121@vikas-Inspiron-5570>","1",""
"","Administrators","Record created","{""title"":""Record created"",""tracks"":[{""name"":""code"",""title"":""Code"",""value"":""admins""},{""name"":""name"",""title"":""Name"",""value"":""Administrators""},{""name"":""navigation"",""title"":""Navigation"",""value"":""""},{""name"":""homeAction"",""title"":""Home action"",""value"":""""},{""name"":""technicalStaff"",""title"":""Technical staff"",""value"":""False""},{""name"":""isClient"",""title"":""Client"",""value"":""False""},{""name"":""isSupplier"",""title"":""Supplier"",""value"":""False""}],""tags"":[]}","notification","com.axelor.auth.db.Group","","","1","","","","<1700414385.0.1682961681544@vikas-Inspiron-5570>","1",""
"","Administrator","Record created","{""title"":""Record created"",""tracks"":[{""name"":""name"",""title"":""Name"",""value"":""Administrator""},{""name"":""code"",""title"":""Login"",""value"":""admin""},{""name"":""email"",""title"":""Email"",""value"":""""},{""name"":""theme"",""title"":""Theme"",""value"":""""},{""name"":""activateOn"",""title"":""Activate on"",""value"":""""},{""name"":""expiresOn"",""title"":""Expires on"",""value"":""""},{""name"":""activeCompany"",""title"":""Active company"",""value"":""""},{""name"":""partner"",""title"":""Partner"",""value"":""""},{""name"":""todayDateT"",""title"":""Today date"",""value"":""""},{""name"":""activeTeam"",""title"":""Active Team"",""value"":""""},{""name"":""fullName"",""title"":""Partner name"",""value"":""Administrator""},{""name"":""iCalendar"",""title"":""Main calendar"",""value"":""""},{""name"":""electronicSignature"",""title"":""Electronic signature"",""value"":""""},{""name"":""group"",""title"":""Group"",""value"":""Administrators""},{""name"":""language"",""title"":""Language"",""value"":""fr""},{""name"":""singleTab"",""title"":""Single tab"",""value"":""False""},{""name"":""noHelp"",""title"":""No help"",""value"":""False""},{""name"":""blocked"",""title"":""Blocked"",""value"":""True""},{""name"":""sendEmailUponPasswordChange"",""title"":""Send email upon password change"",""value"":""False""},{""name"":""homeAction"",""title"":""Home action"",""value"":""""},{""name"":""receiveEmails"",""title"":""Receive notifications by email"",""value"":""True""},{""name"":""useSignatureForStock"",""title"":""Use signature for certificate of conformity"",""value"":""False""},{""name"":""employee"",""title"":""Employee"",""value"":""""},{""name"":""workshopStockLocation"",""title"":""Workshop"",""value"":""""},{""name"":""appPermissions"",""title"":""Mobile app permissions"",""value"":""""}],""tags"":[]}","notification","com.axelor.auth.db.User","","","2","","","","<1029519688.1.1682961681559@vikas-Inspiron-5570>","1",""
"","Users","Record created","{""title"":""Record created"",""tracks"":[{""name"":""code"",""title"":""Code"",""value"":""users""},{""name"":""name"",""title"":""Name"",""value"":""Users""},{""name"":""navigation"",""title"":""Navigation"",""value"":""""},{""name"":""homeAction"",""title"":""Home action"",""value"":""""},{""name"":""technicalStaff"",""title"":""Technical staff"",""value"":""False""},{""name"":""isClient"",""title"":""Client"",""value"":""False""},{""name"":""isSupplier"",""title"":""Supplier"",""value"":""False""}],""tags"":[]}","notification","com.axelor.auth.db.Group","","","3","","","1","<208542508.2.1682961687229@vikas-Inspiron-5570>","2",""
"","Admin","Record created","{""title"":""Record created"",""tracks"":[{""name"":""name"",""title"":""Name"",""value"":""Admin""},{""name"":""description"",""title"":""Description"",""value"":""""}],""tags"":[]}","notification","com.axelor.auth.db.Role","","","4","","","1","<993618075.3.1682961688419@vikas-Inspiron-5570>","1",""
"","perm.cash.management.all","Record created","{""title"":""Record created"",""tracks"":[{""name"":""name"",""title"":""Name"",""value"":""perm.cash.management.all""},{""name"":""object"",""title"":""Object"",""value"":""com.axelor.apps.cash.management.db.*""},{""name"":""canRead"",""title"":""Read"",""value"":""True""},{""name"":""canWrite"",""title"":""Write"",""value"":""True""},{""name"":""canCreate"",""title"":""Create"",""value"":""True""},{""name"":""canRemove"",""title"":""Remove"",""value"":""True""},{""name"":""canExport"",""title"":""Export"",""value"":""True""},{""name"":""condition"",""title"":""Condition"",""value"":""""},{""name"":""conditionParams"",""title"":""Condition params"",""value"":""""}],""tags"":[]}","notification","com.axelor.auth.db.Permission","","","42","","","1","<289472832.41.1682961793454@vikas-Inspiron-5570>","27",""
"","perm.production.all","Record created","{""title"":""Record created"",""tracks"":[{""name"":""name"",""title"":""Name"",""value"":""perm.production.all""},{""name"":""object"",""title"":""Object"",""value"":""com.axelor.apps.production.db.*""},{""name"":""canRead"",""title"":""Read"",""value"":""True""},{""name"":""canWrite"",""title"":""Write"",""value"":""True""},{""name"":""canCreate"",""title"":""Create"",""value"":""True""},{""name"":""canRemove"",""title"":""Remove"",""value"":""True""},{""name"":""canExport"",""title"":""Export"",""value"":""True""},{""name"":""condition"",""title"":""Condition"",""value"":""""},{""name"":""conditionParams"",""title"":""Condition params"",""value"":""""}],""tags"":[]}","notification","com.axelor.auth.db.Permission","","","43","","","1","<1304518746.42.1682961799352@vikas-Inspiron-5570>","28",""
"","perm.maintenance.all","Record created","{""title"":""Record created"",""tracks"":[{""name"":""name"",""title"":""Name"",""value"":""perm.maintenance.all""},{""name"":""object"",""title"":""Object"",""value"":""com.axelor.apps.maintenance.db.*""},{""name"":""canRead"",""title"":""Read"",""value"":""True""},{""name"":""canWrite"",""title"":""Write"",""value"":""True""},{""name"":""canCreate"",""title"":""Create"",""value"":""True""},{""name"":""canRemove"",""title"":""Remove"",""value"":""True""},{""name"":""canExport"",""title"":""Export"",""value"":""True""},{""name"":""condition"",""title"":""Condition"",""value"":""""},{""name"":""conditionParams"",""title"":""Condition params"",""value"":""""}],""tags"":[]}","notification","com.axelor.auth.db.Permission","","","44","","","1","<711549194.43.1682961800046@vikas-Inspiron-5570>","29",""
"","role.admin","Record created","{""title"":""Record created"",""tracks"":[{""name"":""name"",""title"":""Name"",""value"":""role.admin""},{""name"":""description"",""title"":""Description"",""value"":""Access to all objects for all modules""}],""tags"":[]}","notification","com.axelor.auth.db.Role","","","45","","","1","<244541625.44.1682961800117@vikas-Inspiron-5570>","2",""
"","role.customer","Record created","{""title"":""Record created"",""tracks"":[{""name"":""name"",""title"":""Name"",""value"":""role.customer""},{""name"":""description"",""title"":""Description"",""value"":""""}],""tags"":[]}","notification","com.axelor.auth.db.Role","","","46","","","1","<425236763.45.1682961800488@vikas-Inspiron-5570>","3",""
"","perm.auth.all","Record created","{""title"":""Record created"",""tracks"":[{""name"":""name"",""title"":""Name"",""value"":""perm.auth.all""},{""name"":""object"",""title"":""Object"",""value"":""com.axelor.auth.db.*""},{""name"":""canRead"",""title"":""Read"",""value"":""True""},{""name"":""canWrite"",""title"":""Write"",""value"":""True""},{""name"":""canCreate"",""title"":""Create"",""value"":""True""},{""name"":""canRemove"",""title"":""Remove"",""value"":""True""},{""name"":""canExport"",""title"":""Export"",""value"":""True""},{""name"":""condition"",""title"":""Condition"",""value"":""""},{""name"":""conditionParams"",""title"":""Condition params"",""value"":""""}],""tags"":[]}","notification","com.axelor.auth.db.Permission","","","6","","","1","<648737625.5.1682961690182@vikas-Inspiron-5570>","2",""
"","perm.mail.all","Record created","{""title"":""Record created"",""tracks"":[{""name"":""name"",""title"":""Name"",""value"":""perm.mail.all""},{""name"":""object"",""title"":""Object"",""value"":""com.axelor.mail.db.*""},{""name"":""canRead"",""title"":""Read"",""value"":""True""},{""name"":""canWrite"",""title"":""Write"",""value"":""True""},{""name"":""canCreate"",""title"":""Create"",""value"":""True""},{""name"":""canRemove"",""title"":""Remove"",""value"":""True""},{""name"":""canExport"",""title"":""Export"",""value"":""True""},{""name"":""condition"",""title"":""Condition"",""value"":""""},{""name"":""conditionParams"",""title"":""Condition params"",""value"":""""}],""tags"":[]}","notification","com.axelor.auth.db.Permission","","","7","","","1","<101069482.6.1682961690188@vikas-Inspiron-5570>","4",""
"","perm.meta.all","Record created","{""title"":""Record created"",""tracks"":[{""name"":""name"",""title"":""Name"",""value"":""perm.meta.all""},{""name"":""object"",""title"":""Object"",""value"":""com.axelor.meta.db.*""},{""name"":""canRead"",""title"":""Read"",""value"":""True""},{""name"":""canWrite"",""title"":""Write"",""value"":""True""},{""name"":""canCreate"",""title"":""Create"",""value"":""True""},{""name"":""canRemove"",""title"":""Remove"",""value"":""True""},{""name"":""canExport"",""title"":""Export"",""value"":""True""},{""name"":""condition"",""title"":""Condition"",""value"":""""},{""name"":""conditionParams"",""title"":""Condition params"",""value"":""""}],""tags"":[]}","notification","com.axelor.auth.db.Permission","","","8","","","1","<1296246506.7.1682961690194@vikas-Inspiron-5570>","3",""
"","perm.team.all","Record created","{""title"":""Record created"",""tracks"":[{""name"":""name"",""title"":""Name"",""value"":""perm.team.all""},{""name"":""object"",""title"":""Object"",""value"":""com.axelor.team.db.*""},{""name"":""canRead"",""title"":""Read"",""value"":""True""},{""name"":""canWrite"",""title"":""Write"",""value"":""True""},{""name"":""canCreate"",""title"":""Create"",""value"":""True""},{""name"":""canRemove"",""title"":""Remove"",""value"":""True""},{""name"":""canExport"",""title"":""Export"",""value"":""True""},{""name"":""condition"",""title"":""Condition"",""value"":""""},{""name"":""conditionParams"",""title"":""Condition params"",""value"":""""}],""tags"":[]}","notification","com.axelor.auth.db.Permission","","","9","","","1","<332388688.8.1682961690202@vikas-Inspiron-5570>","6",""
"","perm.dms.all","Record created","{""title"":""Record created"",""tracks"":[{""name"":""name"",""title"":""Name"",""value"":""perm.dms.all""},{""name"":""object"",""title"":""Object"",""value"":""com.axelor.dms.db.*""},{""name"":""canRead"",""title"":""Read"",""value"":""True""},{""name"":""canWrite"",""title"":""Write"",""value"":""True""},{""name"":""canCreate"",""title"":""Create"",""value"":""True""},{""name"":""canRemove"",""title"":""Remove"",""value"":""True""},{""name"":""canExport"",""title"":""Export"",""value"":""True""},{""name"":""condition"",""title"":""Condition"",""value"":""""},{""name"":""conditionParams"",""title"":""Condition params"",""value"":""""}],""tags"":[]}","notification","com.axelor.auth.db.Permission","","","10","","","1","<1750182092.9.1682961690208@vikas-Inspiron-5570>","5",""
"","perm.message.all","Record created","{""title"":""Record created"",""tracks"":[{""name"":""name"",""title"":""Name"",""value"":""perm.message.all""},{""name"":""object"",""title"":""Object"",""value"":""com.axelor.apps.message.db.*""},{""name"":""canRead"",""title"":""Read"",""value"":""True""},{""name"":""canWrite"",""title"":""Write"",""value"":""True""},{""name"":""canCreate"",""title"":""Create"",""value"":""True""},{""name"":""canRemove"",""title"":""Remove"",""value"":""True""},{""name"":""canExport"",""title"":""Export"",""value"":""True""},{""name"":""condition"",""title"":""Condition"",""value"":""""},{""name"":""conditionParams"",""title"":""Condition params"",""value"":""""}],""tags"":[]}","notification","com.axelor.auth.db.Permission","","","11","","","1","<1333481344.10.1682961691020@vikas-Inspiron-5570>","7",""
"1","Admins","Record updated","{""title"":""Record updated"",""tracks"":[{""name"":""name"",""oldValue"":""Administrators"",""title"":""Name"",""value"":""Admins""},{""name"":""navigation"",""title"":""Navigation"",""value"":""visible""},{""name"":""technicalStaff"",""oldValue"":""False"",""title"":""Technical staff"",""value"":""True""}],""tags"":[]}","notification","com.axelor.auth.db.Group","1","","12","","","1","<292442113.11.1682961716850@vikas-Inspiron-5570>","1",""
"","perm.base.all","Record created","{""title"":""Record created"",""tracks"":[{""name"":""name"",""title"":""Name"",""value"":""perm.base.all""},{""name"":""object"",""title"":""Object"",""value"":""com.axelor.apps.base.db.*""},{""name"":""canRead"",""title"":""Read"",""value"":""True""},{""name"":""canWrite"",""title"":""Write"",""value"":""True""},{""name"":""canCreate"",""title"":""Create"",""value"":""True""},{""name"":""canRemove"",""title"":""Remove"",""value"":""True""},{""name"":""canExport"",""title"":""Export"",""value"":""True""},{""name"":""condition"",""title"":""Condition"",""value"":""""},{""name"":""conditionParams"",""title"":""Condition params"",""value"":""""}],""tags"":[]}","notification","com.axelor.auth.db.Permission","","","13","","","1","<914669338.12.1682961716904@vikas-Inspiron-5570>","8",""
"","Internal","Record created","{""title"":""Record created"",""tracks"":[{""name"":""name"",""title"":""Name"",""value"":""Internal""},{""name"":""code"",""title"":""Code"",""value"":""C_INT""},{""name"":""disposalTypeSelect"",""title"":""Disposal Type"",""value"":""2""}],""tags"":[]}","notification","com.axelor.apps.account.db.AssetDisposalReason","","","63","","","1","<1023750912.62.1682962673146@vikas-Inspiron-5570>","6",""
"","External","Record created","{""title"":""Record created"",""tracks"":[{""name"":""name"",""title"":""Name"",""value"":""External""},{""name"":""code"",""title"":""Code"",""value"":""C_EXT""},{""name"":""disposalTypeSelect"",""title"":""Disposal Type"",""value"":""2""}],""tags"":[]}","notification","com.axelor.apps.account.db.AssetDisposalReason","","","64","","","1","<1795633526.63.1682962673164@vikas-Inspiron-5570>","5",""
"2","Admin","Record updated","{""title"":""Record updated"",""tracks"":[{""name"":""name"",""oldValue"":""Administrator"",""title"":""Name"",""value"":""Admin""},{""name"":""fullName"",""oldValue"":""Administrator"",""title"":""Partner name"",""value"":""Admin""},{""name"":""language"",""oldValue"":""fr"",""title"":""Language"",""value"":""en""},{""name"":""blocked"",""oldValue"":""True"",""title"":""Blocked"",""value"":""False""}],""tags"":[]}","notification","com.axelor.auth.db.User","2","","14","","","1","<71911661.13.1682961720615@vikas-Inspiron-5570>","1",""
"","perm.helpdesk.all","Record created","{""title"":""Record created"",""tracks"":[{""name"":""name"",""title"":""Name"",""value"":""perm.helpdesk.all""},{""name"":""object"",""title"":""Object"",""value"":""com.axelor.apps.helpdesk.db.*""},{""name"":""canRead"",""title"":""Read"",""value"":""True""},{""name"":""canWrite"",""title"":""Write"",""value"":""True""},{""name"":""canCreate"",""title"":""Create"",""value"":""True""},{""name"":""canRemove"",""title"":""Remove"",""value"":""True""},{""name"":""canExport"",""title"":""Export"",""value"":""True""},{""name"":""condition"",""title"":""Condition"",""value"":""""},{""name"":""conditionParams"",""title"":""Condition params"",""value"":""""}],""tags"":[]}","notification","com.axelor.auth.db.Permission","","","15","","","1","<671544848.14.1682961721541@vikas-Inspiron-5570>","9",""
"","perm.stock.all","Record created","{""title"":""Record created"",""tracks"":[{""name"":""name"",""title"":""Name"",""value"":""perm.stock.all""},{""name"":""object"",""title"":""Object"",""value"":""com.axelor.apps.stock.db.*""},{""name"":""canRead"",""title"":""Read"",""value"":""True""},{""name"":""canWrite"",""title"":""Write"",""value"":""True""},{""name"":""canCreate"",""title"":""Create"",""value"":""True""},{""name"":""canRemove"",""title"":""Remove"",""value"":""True""},{""name"":""canExport"",""title"":""Export"",""value"":""True""},{""name"":""condition"",""title"":""Condition"",""value"":""""},{""name"":""conditionParams"",""title"":""Condition params"",""value"":""""}],""tags"":[]}","notification","com.axelor.auth.db.Permission","","","16","","","1","<113113463.15.1682961726876@vikas-Inspiron-5570>","10",""
"","perm.purchase.all","Record created","{""title"":""Record created"",""tracks"":[{""name"":""name"",""title"":""Name"",""value"":""perm.purchase.all""},{""name"":""object"",""title"":""Object"",""value"":""com.axelor.apps.purchase.db.*""},{""name"":""canRead"",""title"":""Read"",""value"":""True""},{""name"":""canWrite"",""title"":""Write"",""value"":""True""},{""name"":""canCreate"",""title"":""Create"",""value"":""True""},{""name"":""canRemove"",""title"":""Remove"",""value"":""True""},{""name"":""canExport"",""title"":""Export"",""value"":""True""},{""name"":""condition"",""title"":""Condition"",""value"":""""},{""name"":""conditionParams"",""title"":""Condition params"",""value"":""""}],""tags"":[]}","notification","com.axelor.auth.db.Permission","","","17","","","1","<2006473944.16.1682961728451@vikas-Inspiron-5570>","11",""
"","perm.account.all","Record created","{""title"":""Record created"",""tracks"":[{""name"":""name"",""title"":""Name"",""value"":""perm.account.all""},{""name"":""object"",""title"":""Object"",""value"":""com.axelor.apps.account.db.*""},{""name"":""canRead"",""title"":""Read"",""value"":""True""},{""name"":""canWrite"",""title"":""Write"",""value"":""True""},{""name"":""canCreate"",""title"":""Create"",""value"":""True""},{""name"":""canRemove"",""title"":""Remove"",""value"":""True""},{""name"":""canExport"",""title"":""Export"",""value"":""True""},{""name"":""condition"",""title"":""Condition"",""value"":""""},{""name"":""conditionParams"",""title"":""Condition params"",""value"":""""}],""tags"":[]}","notification","com.axelor.auth.db.Permission","","","18","","","1","<1942067760.17.1682961755082@vikas-Inspiron-5570>","12",""
"","perm.crm.all","Record created","{""title"":""Record created"",""tracks"":[{""name"":""name"",""title"":""Name"",""value"":""perm.crm.all""},{""name"":""object"",""title"":""Object"",""value"":""com.axelor.apps.crm.db.*""},{""name"":""canRead"",""title"":""Read"",""value"":""True""},{""name"":""canWrite"",""title"":""Write"",""value"":""True""},{""name"":""canCreate"",""title"":""Create"",""value"":""True""},{""name"":""canRemove"",""title"":""Remove"",""value"":""True""},{""name"":""canExport"",""title"":""Export"",""value"":""True""},{""name"":""condition"",""title"":""Condition"",""value"":""""},{""name"":""conditionParams"",""title"":""Condition params"",""value"":""""}],""tags"":[]}","notification","com.axelor.auth.db.Permission","","","19","","","1","<1914051205.18.1682961759890@vikas-Inspiron-5570>","13",""
"","perm.sale.all","Record created","{""title"":""Record created"",""tracks"":[{""name"":""name"",""title"":""Name"",""value"":""perm.sale.all""},{""name"":""object"",""title"":""Object"",""value"":""com.axelor.apps.sale.db.*""},{""name"":""canRead"",""title"":""Read"",""value"":""True""},{""name"":""canWrite"",""title"":""Write"",""value"":""True""},{""name"":""canCreate"",""title"":""Create"",""value"":""True""},{""name"":""canRemove"",""title"":""Remove"",""value"":""True""},{""name"":""canExport"",""title"":""Export"",""value"":""True""},{""name"":""condition"",""title"":""Condition"",""value"":""""},{""name"":""conditionParams"",""title"":""Condition params"",""value"":""""}],""tags"":[]}","notification","com.axelor.auth.db.Permission","","","20","","","1","<1040268606.19.1682961763104@vikas-Inspiron-5570>","14",""
"","perm.supplychain.all","Record created","{""title"":""Record created"",""tracks"":[{""name"":""name"",""title"":""Name"",""value"":""perm.supplychain.all""},{""name"":""object"",""title"":""Object"",""value"":""com.axelor.apps.supplychain.db.*""},{""name"":""canRead"",""title"":""Read"",""value"":""True""},{""name"":""canWrite"",""title"":""Write"",""value"":""True""},{""name"":""canCreate"",""title"":""Create"",""value"":""True""},{""name"":""canRemove"",""title"":""Remove"",""value"":""True""},{""name"":""canExport"",""title"":""Export"",""value"":""True""},{""name"":""condition"",""title"":""Condition"",""value"":""""},{""name"":""conditionParams"",""title"":""Condition params"",""value"":""""}],""tags"":[]}","notification","com.axelor.auth.db.Permission","","","21","","","1","<154150097.20.1682961765099@vikas-Inspiron-5570>","15",""
"","perm.suppliermanagement.all","Record created","{""title"":""Record created"",""tracks"":[{""name"":""name"",""title"":""Name"",""value"":""perm.suppliermanagement.all""},{""name"":""object"",""title"":""Object"",""value"":""com.axelor.apps.suppliermanagement.db.*""},{""name"":""canRead"",""title"":""Read"",""value"":""True""},{""name"":""canWrite"",""title"":""Write"",""value"":""True""},{""name"":""canCreate"",""title"":""Create"",""value"":""True""},{""name"":""canRemove"",""title"":""Remove"",""value"":""True""},{""name"":""canExport"",""title"":""Export"",""value"":""True""},{""name"":""condition"",""title"":""Condition"",""value"":""""},{""name"":""conditionParams"",""title"":""Condition params"",""value"":""""}],""tags"":[]}","notification","com.axelor.auth.db.Permission","","","22","","","1","<1007906047.21.1682961765411@vikas-Inspiron-5570>","16",""
"","Obsolescence","Record created","{""title"":""Record created"",""tracks"":[{""name"":""name"",""title"":""Name"",""value"":""Obsolescence""},{""name"":""code"",""title"":""Code"",""value"":""OBSOL""},{""name"":""disposalTypeSelect"",""title"":""Disposal Type"",""value"":""1""}],""tags"":[]}","notification","com.axelor.apps.account.db.AssetDisposalReason","","","65","","","1","<1033006631.64.1682962673175@vikas-Inspiron-5570>","4",""
"","Transfer","Record created","{""title"":""Record created"",""tracks"":[{""name"":""name"",""title"":""Name"",""value"":""Transfer""},{""name"":""code"",""title"":""Code"",""value"":""TRANS""},{""name"":""disposalTypeSelect"",""title"":""Disposal Type"",""value"":""1""}],""tags"":[]}","notification","com.axelor.apps.account.db.AssetDisposalReason","","","66","","","1","<1793661700.65.1682962673186@vikas-Inspiron-5570>","3",""
"","perm.studio.all","Record created","{""title"":""Record created"",""tracks"":[{""name"":""name"",""title"":""Name"",""value"":""perm.studio.all""},{""name"":""object"",""title"":""Object"",""value"":""com.axelor.studio.db.*""},{""name"":""canRead"",""title"":""Read"",""value"":""True""},{""name"":""canWrite"",""title"":""Write"",""value"":""True""},{""name"":""canCreate"",""title"":""Create"",""value"":""True""},{""name"":""canRemove"",""title"":""Remove"",""value"":""True""},{""name"":""canExport"",""title"":""Export"",""value"":""True""},{""name"":""condition"",""title"":""Condition"",""value"":""""},{""name"":""conditionParams"",""title"":""Condition params"",""value"":""""}],""tags"":[]}","notification","com.axelor.auth.db.Permission","","","23","","","1","<2046266281.22.1682961767186@vikas-Inspiron-5570>","17",""
"","perm.marketing.all","Record created","{""title"":""Record created"",""tracks"":[{""name"":""name"",""title"":""Name"",""value"":""perm.marketing.all""},{""name"":""object"",""title"":""Object"",""value"":""com.axelor.apps.marketing.db.*""},{""name"":""canRead"",""title"":""Read"",""value"":""True""},{""name"":""canWrite"",""title"":""Write"",""value"":""True""},{""name"":""canCreate"",""title"":""Create"",""value"":""True""},{""name"":""canRemove"",""title"":""Remove"",""value"":""True""},{""name"":""canExport"",""title"":""Export"",""value"":""True""},{""name"":""condition"",""title"":""Condition"",""value"":""""},{""name"":""conditionParams"",""title"":""Condition params"",""value"":""""}],""tags"":[]}","notification","com.axelor.auth.db.Permission","","","24","","","1","<570442229.23.1682961767637@vikas-Inspiron-5570>","18",""
"","perm.contract.all","Record created","{""title"":""Record created"",""tracks"":[{""name"":""name"",""title"":""Name"",""value"":""perm.contract.all""},{""name"":""object"",""title"":""Object"",""value"":""com.axelor.apps.contract.db.*""},{""name"":""canRead"",""title"":""Read"",""value"":""True""},{""name"":""canWrite"",""title"":""Write"",""value"":""True""},{""name"":""canCreate"",""title"":""Create"",""value"":""True""},{""name"":""canRemove"",""title"":""Remove"",""value"":""True""},{""name"":""canExport"",""title"":""Export"",""value"":""True""},{""name"":""condition"",""title"":""Condition"",""value"":""""},{""name"":""conditionParams"",""title"":""Condition params"",""value"":""""}],""tags"":[]}","notification","com.axelor.auth.db.Permission","","","25","","","1","<610731701.24.1682961768168@vikas-Inspiron-5570>","19",""
"","Damage","Record created","{""title"":""Record created"",""tracks"":[{""name"":""name"",""title"":""Name"",""value"":""Damage""},{""name"":""code"",""title"":""Code"",""value"":""DAMGE""},{""name"":""disposalTypeSelect"",""title"":""Disposal Type"",""value"":""1""}],""tags"":[]}","notification","com.axelor.apps.account.db.AssetDisposalReason","","","67","","","1","<2117624758.66.1682962673197@vikas-Inspiron-5570>","2",""
"","perm.project.all","Record created","{""title"":""Record created"",""tracks"":[{""name"":""name"",""title"":""Name"",""value"":""perm.project.all""},{""name"":""object"",""title"":""Object"",""value"":""com.axelor.apps.project.db.*""},{""name"":""canRead"",""title"":""Read"",""value"":""True""},{""name"":""canWrite"",""title"":""Write"",""value"":""True""},{""name"":""canCreate"",""title"":""Create"",""value"":""True""},{""name"":""canRemove"",""title"":""Remove"",""value"":""True""},{""name"":""canExport"",""title"":""Export"",""value"":""True""},{""name"":""condition"",""title"":""Condition"",""value"":""""},{""name"":""conditionParams"",""title"":""Condition params"",""value"":""""}],""tags"":[]}","notification","com.axelor.auth.db.Permission","","","26","","","1","<588053884.25.1682961769794@vikas-Inspiron-5570>","20",""
"","perm.projectTask.rwc","Record created","{""title"":""Record created"",""tracks"":[{""name"":""name"",""title"":""Name"",""value"":""perm.projectTask.rwc""},{""name"":""object"",""title"":""Object"",""value"":""com.axelor.apps.project.db.ProjectTask""},{""name"":""canRead"",""title"":""Read"",""value"":""True""},{""name"":""canWrite"",""title"":""Write"",""value"":""True""},{""name"":""canCreate"",""title"":""Create"",""value"":""True""},{""name"":""canRemove"",""title"":""Remove"",""value"":""False""},{""name"":""canExport"",""title"":""Export"",""value"":""False""},{""name"":""condition"",""title"":""Condition"",""value"":""""},{""name"":""conditionParams"",""title"":""Condition params"",""value"":""""}],""tags"":[]}","notification","com.axelor.auth.db.Permission","","","27","","","1","<105159393.26.1682961769800@vikas-Inspiron-5570>","21",""
"","perm.bankpayment.all","Record created","{""title"":""Record created"",""tracks"":[{""name"":""name"",""title"":""Name"",""value"":""perm.bankpayment.all""},{""name"":""object"",""title"":""Object"",""value"":""com.axelor.apps.bankpayment.db.*""},{""name"":""canRead"",""title"":""Read"",""value"":""True""},{""name"":""canWrite"",""title"":""Write"",""value"":""True""},{""name"":""canCreate"",""title"":""Create"",""value"":""True""},{""name"":""canRemove"",""title"":""Remove"",""value"":""True""},{""name"":""canExport"",""title"":""Export"",""value"":""True""},{""name"":""condition"",""title"":""Condition"",""value"":""""},{""name"":""conditionParams"",""title"":""Condition params"",""value"":""""}],""tags"":[]}","notification","com.axelor.auth.db.Permission","","","28","","","1","<745807419.27.1682961774133@vikas-Inspiron-5570>","22",""
"","Breakage","Record created","{""title"":""Record created"",""tracks"":[{""name"":""name"",""title"":""Name"",""value"":""Breakage""},{""name"":""code"",""title"":""Code"",""value"":""BRKGE""},{""name"":""disposalTypeSelect"",""title"":""Disposal Type"",""value"":""1""}],""tags"":[]}","notification","com.axelor.apps.account.db.AssetDisposalReason","","","68","","","1","<1923066514.67.1682962673207@vikas-Inspiron-5570>","1",""
"","perm.hr.all","Record created","{""title"":""Record created"",""tracks"":[{""name"":""name"",""title"":""Name"",""value"":""perm.hr.all""},{""name"":""object"",""title"":""Object"",""value"":""com.axelor.apps.hr.db.*""},{""name"":""canRead"",""title"":""Read"",""value"":""True""},{""name"":""canWrite"",""title"":""Write"",""value"":""True""},{""name"":""canCreate"",""title"":""Create"",""value"":""True""},{""name"":""canRemove"",""title"":""Remove"",""value"":""True""},{""name"":""canExport"",""title"":""Export"",""value"":""True""},{""name"":""condition"",""title"":""Condition"",""value"":""""},{""name"":""conditionParams"",""title"":""Condition params"",""value"":""""}],""tags"":[]}","notification","com.axelor.auth.db.Permission","","","29","","","1","<399586956.28.1682961788980@vikas-Inspiron-5570>","23",""
"","perm.businessproject.all","Record created","{""title"":""Record created"",""tracks"":[{""name"":""name"",""title"":""Name"",""value"":""perm.businessproject.all""},{""name"":""object"",""title"":""Object"",""value"":""com.axelor.apps.businessproject.db.*""},{""name"":""canRead"",""title"":""Read"",""value"":""True""},{""name"":""canWrite"",""title"":""Write"",""value"":""True""},{""name"":""canCreate"",""title"":""Create"",""value"":""True""},{""name"":""canRemove"",""title"":""Remove"",""value"":""True""},{""name"":""canExport"",""title"":""Export"",""value"":""True""},{""name"":""condition"",""title"":""Condition"",""value"":""""},{""name"":""conditionParams"",""title"":""Condition params"",""value"":""""}],""tags"":[]}","notification","com.axelor.auth.db.Permission","","","30","","","1","<1601817723.29.1682961790677@vikas-Inspiron-5570>","24",""
"","perm.talent.all","Record created","{""title"":""Record created"",""tracks"":[{""name"":""name"",""title"":""Name"",""value"":""perm.talent.all""},{""name"":""object"",""title"":""Object"",""value"":""com.axelor.apps.talent.db.*""},{""name"":""canRead"",""title"":""Read"",""value"":""True""},{""name"":""canWrite"",""title"":""Write"",""value"":""True""},{""name"":""canCreate"",""title"":""Create"",""value"":""True""},{""name"":""canRemove"",""title"":""Remove"",""value"":""True""},{""name"":""canExport"",""title"":""Export"",""value"":""True""},{""name"":""condition"",""title"":""Condition"",""value"":""""},{""name"":""conditionParams"",""title"":""Condition params"",""value"":""""}],""tags"":[]}","notification","com.axelor.auth.db.Permission","","","40","","","1","<1694965842.39.1682961792110@vikas-Inspiron-5570>","25",""
"","perm.fleet.all","Record created","{""title"":""Record created"",""tracks"":[{""name"":""name"",""title"":""Name"",""value"":""perm.fleet.all""},{""name"":""object"",""title"":""Object"",""value"":""com.axelor.apps.fleet.db.*""},{""name"":""canRead"",""title"":""Read"",""value"":""True""},{""name"":""canWrite"",""title"":""Write"",""value"":""True""},{""name"":""canCreate"",""title"":""Create"",""value"":""True""},{""name"":""canRemove"",""title"":""Remove"",""value"":""True""},{""name"":""canExport"",""title"":""Export"",""value"":""True""},{""name"":""condition"",""title"":""Condition"",""value"":""""},{""name"":""conditionParams"",""title"":""Condition params"",""value"":""""}],""tags"":[]}","notification","com.axelor.auth.db.Permission","","","41","","","1","<1223801449.40.1682961792960@vikas-Inspiron-5570>","26",""
"","#3-prod 1","Record created","{""title"":""Record created"",""tracks"":[{""name"":""desiredDelivDate"",""title"":""Desired receipt date"",""value"":""""},{""name"":""estimatedDelivDate"",""title"":""Estim. receipt date"",""value"":""""}],""tags"":[]}","notification","com.axelor.apps.purchase.db.PurchaseOrderLine","","","108","","","1","<505364680.2.1686590193400@vikas-Inspiron-5570>","4",""
"","Opportunity","Record created","{""title"":""Record created"",""tracks"":[{""name"":""typeSelect"",""title"":""Type"",""value"":""1""},{""name"":""elementSelect"",""title"":""Element"",""value"":""6""},{""name"":""statusSelect"",""title"":""Statuses to take into account"",""value"":""""},{""name"":""operationTypeSelect"",""title"":""Operation type"",""value"":""""}],""tags"":[]}","notification","com.axelor.apps.cash.management.db.ForecastRecapLineType","","","69","","","1","<1862081181.68.1682962673898@vikas-Inspiron-5570>","6",""
"","Salary","Record created","{""title"":""Record created"",""tracks"":[{""name"":""typeSelect"",""title"":""Type"",""value"":""2""},{""name"":""elementSelect"",""title"":""Element"",""value"":""7""},{""name"":""statusSelect"",""title"":""Statuses to take into account"",""value"":""""},{""name"":""operationTypeSelect"",""title"":""Operation type"",""value"":""""}],""tags"":[]}","notification","com.axelor.apps.cash.management.db.ForecastRecapLineType","","","70","","","1","<2145580420.69.1682962673906@vikas-Inspiron-5570>","7",""
"","Expense","Record created","{""title"":""Record created"",""tracks"":[{""name"":""typeSelect"",""title"":""Type"",""value"":""2""},{""name"":""elementSelect"",""title"":""Element"",""value"":""4""},{""name"":""statusSelect"",""title"":""Statuses to take into account"",""value"":""3""},{""name"":""operationTypeSelect"",""title"":""Operation type"",""value"":""""}],""tags"":[]}","notification","com.axelor.apps.cash.management.db.ForecastRecapLineType","","","71","","","1","<720829226.70.1682962673914@vikas-Inspiron-5570>","4",""
"","Manual forecast","Record created","{""title"":""Record created"",""tracks"":[{""name"":""typeSelect"",""title"":""Type"",""value"":""""},{""name"":""elementSelect"",""title"":""Element"",""value"":""5""},{""name"":""statusSelect"",""title"":""Statuses to take into account"",""value"":""""},{""name"":""operationTypeSelect"",""title"":""Operation type"",""value"":""""}],""tags"":[]}","notification","com.axelor.apps.cash.management.db.ForecastRecapLineType","","","72","","","1","<72375959.71.1682962673921@vikas-Inspiron-5570>","5",""
"","Sale order","Record created","{""title"":""Record created"",""tracks"":[{""name"":""typeSelect"",""title"":""Type"",""value"":""1""},{""name"":""elementSelect"",""title"":""Element"",""value"":""2""},{""name"":""statusSelect"",""title"":""Statuses to take into account"",""value"":""3""},{""name"":""operationTypeSelect"",""title"":""Operation type"",""value"":""""}],""tags"":[]}","notification","com.axelor.apps.cash.management.db.ForecastRecapLineType","","","73","","","1","<1715084520.72.1682962673929@vikas-Inspiron-5570>","2",""
"","Purchase order","Record created","{""title"":""Record created"",""tracks"":[{""name"":""typeSelect"",""title"":""Type"",""value"":""2""},{""name"":""elementSelect"",""title"":""Element"",""value"":""3""},{""name"":""statusSelect"",""title"":""Statuses to take into account"",""value"":""3""},{""name"":""operationTypeSelect"",""title"":""Operation type"",""value"":""""}],""tags"":[]}","notification","com.axelor.apps.cash.management.db.ForecastRecapLineType","","","74","","","1","<2141261605.73.1682962673936@vikas-Inspiron-5570>","3",""
"","Invoice","Record created","{""title"":""Record created"",""tracks"":[{""name"":""typeSelect"",""title"":""Type"",""value"":""1""},{""name"":""elementSelect"",""title"":""Element"",""value"":""1""},{""name"":""statusSelect"",""title"":""Statuses to take into account"",""value"":""3""},{""name"":""operationTypeSelect"",""title"":""Operation type"",""value"":""2""}],""tags"":[]}","notification","com.axelor.apps.cash.management.db.ForecastRecapLineType","","","75","","","1","<1757022681.74.1682962673944@vikas-Inspiron-5570>","1",""
"","AXELP_%YY_XXXX - Estimated liquidity plan","Record updated","{""title"":""Record updated"",""tracks"":[{""name"":""codeSelect"",""oldValue"":""forecastRecap"",""title"":""Document concerned"",""value"":""maintenance""},{""name"":""padding"",""oldValue"":""4"",""title"":""Padding"",""value"":""5""},{""name"":""prefixe"",""oldValue"":""AXELP_%YY_"",""title"":""Prefix"",""value"":""CM""},{""name"":""yearlyResetOk"",""oldValue"":""True"",""title"":""Yearly reset"",""value"":""False""}],""tags"":[]}","notification","com.axelor.apps.base.db.Sequence","","","76","","","1","<1445600652.75.1682962674836@vikas-Inspiron-5570>","100",""
"","#3-Test SUpplier","Purchase order created","{""title"":""Purchase order created"",""tracks"":[{""name"":""purchaseOrderSeq"",""title"":""Ref."",""value"":""#3""},{""name"":""supplierPartner"",""title"":""Supplier"",""value"":""P0003 - Test SUpplier""},{""name"":""deliveryDate"",""title"":""Estimated delivery Date"",""value"":""""}],""tags"":[{""style"":""important"",""title"":""Draft""}]}","notification","com.axelor.apps.purchase.db.PurchaseOrder","","","109","","","1","<1346901812.3.1686590193416@vikas-Inspiron-5570>","3",""
"","P0001 - Test Company (P0001)-Axelor","Record created","{""title"":""Record created"",""tracks"":[{""name"":""defaultExpenseAccount"",""title"":""Default expense account"",""value"":""""},{""name"":""defaultIncomeAccount"",""title"":""Default income account"",""value"":""""}],""tags"":[]}","notification","com.axelor.apps.account.db.AccountingSituation","","","77","","","1","<1582994983.76.1682963173542@vikas-Inspiron-5570>","1",""
"80","SO0001-Test Company","Record updated","{""title"":""Record updated"",""tracks"":[{""name"":""saleOrderSeq"",""oldValue"":""#1"",""title"":""Internal Number"",""value"":""SO0001""},{""name"":""statusSelect"",""oldValue"":""1"",""title"":""Status"",""value"":""2""}],""tags"":[{""style"":""info"",""title"":""Finalized quotation""}]}","notification","com.axelor.apps.sale.db.SaleOrder","80","","85","","","1","<328994789.84.1682964002176@vikas-Inspiron-5570>","1",""
"","[aa] bbb","Product updated","{""title"":""Product updated"",""tracks"":[{""name"":""code"",""oldValue"":""AA"",""title"":""Code"",""value"":""aa""}],""tags"":[]}","notification","com.axelor.apps.base.db.Product","","","88","","","1","<1608308376.0.1685287399208@vikas-Inspiron-5570>","2",""
"","P0003 - Test SUpplier (P0003)-Axelor","Record created","{""title"":""Record created"",""tracks"":[{""name"":""defaultExpenseAccount"",""title"":""Default expense account"",""value"":""""},{""name"":""defaultIncomeAccount"",""title"":""Default income account"",""value"":""""}],""tags"":[]}","notification","com.axelor.apps.account.db.AccountingSituation","","","93","","","1","<2133838851.0.1686236138301@vikas-Inspiron-5570>","2",""
"","#1-test","Record created","{""title"":""Record created"",""tracks"":[{""name"":""desiredDelivDate"",""title"":""Desired receipt date"",""value"":""""},{""name"":""estimatedDelivDate"",""title"":""Estim. receipt date"",""value"":""""}],""tags"":[]}","notification","com.axelor.apps.purchase.db.PurchaseOrderLine","","","98","","","1","<121022511.0.1686394370590@vikas-Inspiron-5570>","2",""
"","OXXXX - Opportunity","Record updated","{""title"":""Record updated"",""tracks"":[{""name"":""company"",""title"":""Company"",""value"":""Axelor""}],""tags"":[]}","notification","com.axelor.apps.base.db.Sequence","","","110","","","1","<1568139580.0.1686746031824@vikas-Inspiron-5570>","4",""
"","test","Opportunity created","{""title"":""Opportunity created"",""tracks"":[{""name"":""name"",""title"":""Name"",""value"":""test""}],""tags"":[]}","notification","com.axelor.apps.crm.db.Opportunity","","","111","","","1","<854214153.1.1686746037670@vikas-Inspiron-5570>","2",""
"","P0001 - Test Company","Record updated","{""title"":""Record updated"",""tracks"":[{""name"":""fixedPhone"",""title"":""Fixed phone"",""value"":""+447400123456""},{""name"":""emailAddress"",""title"":""Email"",""value"":""[abc@gmail.com]""}],""tags"":[]}","notification","com.axelor.apps.base.db.Partner","","","78","","","1","<1455514322.77.1682963405602@vikas-Inspiron-5570>","1",""
"88","[RRR] bbb","Product updated","{""title"":""Product updated"",""tracks"":[{""name"":""code"",""oldValue"":""aa"",""title"":""Code"",""value"":""RRR""}],""tags"":[]}","notification","com.axelor.apps.base.db.Product","88","","89","","","1","<587440356.1.1685287437318@vikas-Inspiron-5570>","2",""
"","","Record updated","{""title"":""Record updated"",""tracks"":[{""name"":""generateProductSequence"",""oldValue"":""False"",""title"":""Generate sequence for products"",""value"":""True""}],""tags"":[]}","notification","com.axelor.apps.base.db.AppBase","","","90","","","1","<1920443410.2.1685287828937@vikas-Inspiron-5570>","1",""
"","[PR0001] test","Product updated","{""title"":""Product updated"",""tracks"":[{""name"":""name"",""oldValue"":""skdjks"",""title"":""Name"",""value"":""test""}],""tags"":[]}","notification","com.axelor.apps.base.db.Product","","","91","","","1","<1920182886.3.1685287979999@vikas-Inspiron-5570>","3",""
"","#1-prod 1","Record created","{""title"":""Record created"",""tracks"":[{""name"":""desiredDelivDate"",""title"":""Desired receipt date"",""value"":""""},{""name"":""estimatedDelivDate"",""title"":""Estim. receipt date"",""value"":""""}],""tags"":[]}","notification","com.axelor.apps.purchase.db.PurchaseOrderLine","","","94","","","1","<2051537493.1.1686236203449@vikas-Inspiron-5570>","1",""
"","#1-Test SUpplier","Purchase order created","{""title"":""Purchase order created"",""tracks"":[{""name"":""purchaseOrderSeq"",""title"":""Ref."",""value"":""#1""},{""name"":""supplierPartner"",""title"":""Supplier"",""value"":""P0003 - Test SUpplier""},{""name"":""deliveryDate"",""title"":""Estimated delivery Date"",""value"":""""}],""tags"":[{""style"":""important"",""title"":""Draft""}]}","notification","com.axelor.apps.purchase.db.PurchaseOrder","","","95","","","1","<753125864.2.1686236203525@vikas-Inspiron-5570>","1",""
"","test 2","Opportunity created","{""title"":""Opportunity created"",""tracks"":[{""name"":""name"",""title"":""Name"",""value"":""test 2""}],""tags"":[]}","notification","com.axelor.apps.crm.db.Opportunity","","","112","","","1","<1212027763.2.1686746045542@vikas-Inspiron-5570>","3",""
"","test 3","Opportunity created","{""title"":""Opportunity created"",""tracks"":[{""name"":""name"",""title"":""Name"",""value"":""test 3""}],""tags"":[]}","notification","com.axelor.apps.crm.db.Opportunity","","","113","","","1","<1349021541.3.1686746220234@vikas-Inspiron-5570>","4",""
"","[PROD 1] prod 1","Product updated","{""title"":""Product updated"",""tracks"":[{""name"":""unit"",""title"":""Unit"",""value"":""Unit""}],""tags"":[]}","notification","com.axelor.apps.base.db.Product","","","79","","","1","<928618992.78.1682963468172@vikas-Inspiron-5570>","1",""
"","#1-Test Company","Quotation/sale order created","{""title"":""Quotation/sale order created"",""tracks"":[{""name"":""saleOrderSeq"",""title"":""Internal Number"",""value"":""#1""},{""name"":""clientPartner"",""title"":""Customer"",""value"":""P0001 - Test Company""},{""name"":""statusSelect"",""title"":""Status"",""value"":""1""},{""name"":""creationDate"",""title"":""Creation date"",""value"":""2023-05-01""},{""name"":""inTaxTotal"",""title"":""Total A.T.I."",""value"":""0.00""}],""tags"":[{""style"":""important"",""title"":""Draft quotation""}]}","notification","com.axelor.apps.sale.db.SaleOrder","","","80","","","1","<1587479874.79.1682963563481@vikas-Inspiron-5570>","1",""
"80","#1-Test Company","Record updated","{""title"":""Record updated"",""tracks"":[{""name"":""inTaxTotal"",""oldValue"":""0.00"",""title"":""Total A.T.I."",""value"":""1001.00""}],""tags"":[{""style"":""important"",""title"":""Draft quotation""}]}","notification","com.axelor.apps.sale.db.SaleOrder","80","","81","","","1","<1271686597.80.1682963647898@vikas-Inspiron-5570>","1",""
"","#1-prod 1","Record created","{""title"":""Record created"",""tracks"":[{""name"":""requestedReservedQty"",""title"":""Requested reserved qty"",""value"":""0.0000000000""},{""name"":""reservedQty"",""title"":""Allocated qty"",""value"":""0.0000000000""}],""tags"":[]}","notification","com.axelor.apps.sale.db.SaleOrderLine","","","82","","","1","<1477259147.81.1682963647913@vikas-Inspiron-5570>","1",""
"","PR-XXXXX - Product","Record updated","{""title"":""Record updated"",""tracks"":[{""name"":""padding"",""oldValue"":""4"",""title"":""Padding"",""value"":""5""},{""name"":""prefixe"",""oldValue"":""PR"",""title"":""Prefix"",""value"":""PR-""}],""tags"":[]}","notification","com.axelor.apps.base.db.Sequence","","","92","","","1","<1341292850.4.1685288374103@vikas-Inspiron-5570>","3",""
"","P0003 - Test SUpplier","Record updated","{""title"":""Record updated"",""tracks"":[{""name"":""fixedPhone"",""title"":""Fixed phone"",""value"":""+441478965320""},{""name"":""emailAddress"",""title"":""Email"",""value"":""[abc@gmail.com]""}],""tags"":[]}","notification","com.axelor.apps.base.db.Partner","","","96","","","1","<222506969.3.1686237658272@vikas-Inspiron-5570>","3",""
"95","#1-Test Company","Record updated","{""title"":""Record updated"",""tracks"":[{""name"":""supplierPartner"",""oldValue"":""P0003 - Test SUpplier"",""title"":""Supplier"",""value"":""P0001 - Test Company""}],""tags"":[{""style"":""important"",""title"":""Draft""}]}","notification","com.axelor.apps.purchase.db.PurchaseOrder","95","","97","","","1","<2146713489.4.1686237970591@vikas-Inspiron-5570>","1",""
"79","[PROD 1] prod 1","Product updated","{""title"":""Product updated"",""tracks"":[],""tags"":[]}","notification","com.axelor.apps.base.db.Product","79","","83","","","1","<162407192.82.1682963816811@vikas-Inspiron-5570>","1",""
"2","Admin","Record updated","{""title"":""Record updated"",""tracks"":[{""name"":""electronicSignature"",""title"":""Electronic signature"",""value"":""WhatsApp Image 2022-03-04 at 2.26.38 PM.png""}],""tags"":[]}","notification","com.axelor.auth.db.User","2","","86","","","1","<630136922.85.1682964096983@vikas-Inspiron-5570>","1",""
"","generatedInvoicingProjectSet","Record created","{""title"":""Record created"",""tracks"":[{""name"":""name"",""title"":""Name"",""value"":""generatedInvoicingProjectSet""},{""name"":""title"",""title"":""Title"",""value"":""Generated invoicing projects""},{""name"":""type"",""title"":""Type"",""value"":""many-to-many""},{""name"":""defaultValue"",""title"":""Default value"",""value"":""""},{""name"":""model"",""title"":""Model"",""value"":""com.axelor.apps.base.db.Batch""},{""name"":""modelField"",""title"":""Model field"",""value"":""attrs""},{""name"":""jsonModel"",""title"":""Json model"",""value"":""""},{""name"":""selection"",""title"":""Selection"",""value"":""""},{""name"":""widget"",""title"":""Widget"",""value"":""""},{""name"":""help"",""title"":""Help"",""value"":""""},{""name"":""showIf"",""title"":""Show if"",""value"":""$record.projectInvoicingAssistantBatch != null && $record.projectInvoicingAssistantBatch.actionSelect == 2""},{""name"":""hideIf"",""title"":""Hide if"",""value"":""""},{""name"":""requiredIf"",""title"":""Required if"",""value"":""""},{""name"":""readonlyIf"",""title"":""Readonly if"",""value"":""""},{""name"":""includeIf"",""title"":""Include if"",""value"":""""},{""name"":""contextField"",""title"":""Context field"",""value"":""""},{""name"":""contextFieldTarget"",""title"":""Context field target"",""value"":""""},{""name"":""contextFieldTargetName"",""title"":""Context field target name"",""value"":""""},{""name"":""contextFieldValue"",""title"":""Context field value"",""value"":""""},{""name"":""contextFieldTitle"",""title"":""Context field title"",""value"":""""},{""name"":""hidden"",""title"":""Hidden"",""value"":""False""},{""name"":""required"",""title"":""Required"",""value"":""False""},{""name"":""readonly"",""title"":""Readonly"",""value"":""False""},{""name"":""nameField"",""title"":""Name field"",""value"":""False""},{""name"":""visibleInGrid"",""title"":""Visible in grid"",""value"":""False""},{""name"":""minSize"",""title"":""Min size"",""value"":""0""},{""name"":""maxSize"",""title"":""Max size"",""value"":""0""},{""name"":""precision"",""title"":""Precision"",""value"":""6""},{""name"":""scale"",""title"":""Scale"",""value"":""2""},{""name"":""sequence"",""title"":""Sequence"",""value"":""6""},{""name"":""columnSequence"",""title"":""Column sequence"",""value"":""0""},{""name"":""regex"",""title"":""Regex"",""value"":""""},{""name"":""valueExpr"",""title"":""Value Expression"",""value"":""""},{""name"":""targetModel"",""title"":""Target model"",""value"":""com.axelor.apps.businessproject.db.InvoicingProject""},{""name"":""enumType"",""title"":""Enum type"",""value"":""""},{""name"":""formView"",""title"":""Form view"",""value"":""invoicing-project-form""},{""name"":""gridView"",""title"":""Grid view"",""value"":""invoicing-project-grid""},{""name"":""domain"",""title"":""Domain"",""value"":""""},{""name"":""targetJsonModel"",""title"":""Target json model"",""value"":""""},{""name"":""onChange"",""title"":""On change"",""value"":""""},{""name"":""onClick"",""title"":""On click"",""value"":""""},{""name"":""widgetAttrs"",""title"":""Widget attrs"",""value"":""{\""colSpan\"": \""12\""}""}],""tags"":[]}","notification","com.axelor.meta.db.MetaJsonField","","","31","","","1","<857081118.30.1682961790906@vikas-Inspiron-5570>","7",""
"","showUpdatedTimesheetLineBtn","Record created","{""title"":""Record created"",""tracks"":[{""name"":""name"",""title"":""Name"",""value"":""showUpdatedTimesheetLineBtn""},{""name"":""title"",""title"":""Title"",""value"":""Show updated timesheet lines""},{""name"":""type"",""title"":""Type"",""value"":""Button""},{""name"":""defaultValue"",""title"":""Default value"",""value"":""""},{""name"":""model"",""title"":""Model"",""value"":""com.axelor.apps.base.db.Batch""},{""name"":""modelField"",""title"":""Model field"",""value"":""attrs""},{""name"":""jsonModel"",""title"":""Json model"",""value"":""""},{""name"":""selection"",""title"":""Selection"",""value"":""""},{""name"":""widget"",""title"":""Widget"",""value"":""""},{""name"":""help"",""title"":""Help"",""value"":""""},{""name"":""showIf"",""title"":""Show if"",""value"":""$record.projectInvoicingAssistantBatch != null && $record.projectInvoicingAssistantBatch.actionSelect == 1""},{""name"":""hideIf"",""title"":""Hide if"",""value"":""""},{""name"":""requiredIf"",""title"":""Required if"",""value"":""""},{""name"":""readonlyIf"",""title"":""Readonly if"",""value"":""""},{""name"":""includeIf"",""title"":""Include if"",""value"":""""},{""name"":""contextField"",""title"":""Context field"",""value"":""""},{""name"":""contextFieldTarget"",""title"":""Context field target"",""value"":""""},{""name"":""contextFieldTargetName"",""title"":""Context field target name"",""value"":""""},{""name"":""contextFieldValue"",""title"":""Context field value"",""value"":""""},{""name"":""contextFieldTitle"",""title"":""Context field title"",""value"":""""},{""name"":""hidden"",""title"":""Hidden"",""value"":""False""},{""name"":""required"",""title"":""Required"",""value"":""False""},{""name"":""readonly"",""title"":""Readonly"",""value"":""False""},{""name"":""nameField"",""title"":""Name field"",""value"":""False""},{""name"":""visibleInGrid"",""title"":""Visible in grid"",""value"":""False""},{""name"":""minSize"",""title"":""Min size"",""value"":""0""},{""name"":""maxSize"",""title"":""Max size"",""value"":""0""},{""name"":""precision"",""title"":""Precision"",""value"":""6""},{""name"":""scale"",""title"":""Scale"",""value"":""2""},{""name"":""sequence"",""title"":""Sequence"",""value"":""5""},{""name"":""columnSequence"",""title"":""Column sequence"",""value"":""0""},{""name"":""regex"",""title"":""Regex"",""value"":""""},{""name"":""valueExpr"",""title"":""Value Expression"",""value"":""""},{""name"":""targetModel"",""title"":""Target model"",""value"":""""},{""name"":""enumType"",""title"":""Enum type"",""value"":""""},{""name"":""formView"",""title"":""Form view"",""value"":""""},{""name"":""gridView"",""title"":""Grid view"",""value"":""""},{""name"":""domain"",""title"":""Domain"",""value"":""""},{""name"":""targetJsonModel"",""title"":""Target json model"",""value"":""""},{""name"":""onChange"",""title"":""On change"",""value"":""""},{""name"":""onClick"",""title"":""On click"",""value"":""action-project-invoicing-assistant-batch-method-show-timesheet-line,close""},{""name"":""widgetAttrs"",""title"":""Widget attrs"",""value"":""{\""colSpan\"": \""5\""}""}],""tags"":[]}","notification","com.axelor.meta.db.MetaJsonField","","","32","","","1","<685841868.31.1682961790913@vikas-Inspiron-5570>","6",""
"","Jun 14 Jun 14","Lead created","{""title"":""Lead created"",""tracks"":[{""name"":""name"",""title"":""Last name"",""value"":""Jun 14""}],""tags"":[{""style"":""important"",""title"":""Lead Assigned""}]}","notification","com.axelor.apps.crm.db.Lead","","","114","","","1","<1757862197.0.1686755121056@vikas-Inspiron-5570>","1",""
"","Jun 14_2 Jun 14_2","Lead created","{""title"":""Lead created"",""tracks"":[{""name"":""name"",""title"":""Last name"",""value"":""Jun 14_2""}],""tags"":[{""style"":""important"",""title"":""Lead Assigned""}]}","notification","com.axelor.apps.crm.db.Lead","","","115","","","1","<390504525.1.1686755134768@vikas-Inspiron-5570>","2",""
"","#2-prod 1","Record created","{""title"":""Record created"",""tracks"":[{""name"":""requestedReservedQty"",""title"":""Requested reserved qty"",""value"":""0.0000000000""},{""name"":""reservedQty"",""title"":""Allocated qty"",""value"":""0.0000000000""}],""tags"":[]}","notification","com.axelor.apps.sale.db.SaleOrderLine","","","101","","","1","<716651667.2.1686554960028@vikas-Inspiron-5570>","3",""
"","#2-prod 1","Record created","{""title"":""Record created"",""tracks"":[{""name"":""requestedReservedQty"",""title"":""Requested reserved qty"",""value"":""0.0000000000""},{""name"":""reservedQty"",""title"":""Allocated qty"",""value"":""0.0000000000""}],""tags"":[]}","notification","com.axelor.apps.sale.db.SaleOrderLine","","","102","","","1","<1687969509.3.1686554960051@vikas-Inspiron-5570>","4",""
"","timesheetLineSpacer","Record created","{""title"":""Record created"",""tracks"":[{""name"":""name"",""title"":""Name"",""value"":""timesheetLineSpacer""},{""name"":""title"",""title"":""Title"",""value"":""""},{""name"":""type"",""title"":""Type"",""value"":""Spacer""},{""name"":""defaultValue"",""title"":""Default value"",""value"":""""},{""name"":""model"",""title"":""Model"",""value"":""com.axelor.apps.base.db.Batch""},{""name"":""modelField"",""title"":""Model field"",""value"":""attrs""},{""name"":""jsonModel"",""title"":""Json model"",""value"":""""},{""name"":""selection"",""title"":""Selection"",""value"":""""},{""name"":""widget"",""title"":""Widget"",""value"":""""},{""name"":""help"",""title"":""Help"",""value"":""""},{""name"":""showIf"",""title"":""Show if"",""value"":""$record.projectInvoicingAssistantBatch != null && $record.projectInvoicingAssistantBatch.actionSelect == 1""},{""name"":""hideIf"",""title"":""Hide if"",""value"":""""},{""name"":""requiredIf"",""title"":""Required if"",""value"":""""},{""name"":""readonlyIf"",""title"":""Readonly if"",""value"":""""},{""name"":""includeIf"",""title"":""Include if"",""value"":""""},{""name"":""contextField"",""title"":""Context field"",""value"":""""},{""name"":""contextFieldTarget"",""title"":""Context field target"",""value"":""""},{""name"":""contextFieldTargetName"",""title"":""Context field target name"",""value"":""""},{""name"":""contextFieldValue"",""title"":""Context field value"",""value"":""""},{""name"":""contextFieldTitle"",""title"":""Context field title"",""value"":""""},{""name"":""hidden"",""title"":""Hidden"",""value"":""False""},{""name"":""required"",""title"":""Required"",""value"":""False""},{""name"":""readonly"",""title"":""Readonly"",""value"":""False""},{""name"":""nameField"",""title"":""Name field"",""value"":""False""},{""name"":""visibleInGrid"",""title"":""Visible in grid"",""value"":""False""},{""name"":""minSize"",""title"":""Min size"",""value"":""0""},{""name"":""maxSize"",""title"":""Max size"",""value"":""0""},{""name"":""precision"",""title"":""Precision"",""value"":""6""},{""name"":""scale"",""title"":""Scale"",""value"":""2""},{""name"":""sequence"",""title"":""Sequence"",""value"":""4""},{""name"":""columnSequence"",""title"":""Column sequence"",""value"":""0""},{""name"":""regex"",""title"":""Regex"",""value"":""""},{""name"":""valueExpr"",""title"":""Value Expression"",""value"":""""},{""name"":""targetModel"",""title"":""Target model"",""value"":""""},{""name"":""enumType"",""title"":""Enum type"",""value"":""""},{""name"":""formView"",""title"":""Form view"",""value"":""""},{""name"":""gridView"",""title"":""Grid view"",""value"":""""},{""name"":""domain"",""title"":""Domain"",""value"":""""},{""name"":""targetJsonModel"",""title"":""Target json model"",""value"":""""},{""name"":""onChange"",""title"":""On change"",""value"":""""},{""name"":""onClick"",""title"":""On click"",""value"":""""},{""name"":""widgetAttrs"",""title"":""Widget attrs"",""value"":""{\""colSpan\"": \""12\""}""}],""tags"":[]}","notification","com.axelor.meta.db.MetaJsonField","","","33","","","1","<1908191285.32.1682961790915@vikas-Inspiron-5570>","5",""
"","updatedTimesheetLineSet","Record created","{""title"":""Record created"",""tracks"":[{""name"":""name"",""title"":""Name"",""value"":""updatedTimesheetLineSet""},{""name"":""title"",""title"":""Title"",""value"":""Updated timesheet lines""},{""name"":""type"",""title"":""Type"",""value"":""many-to-many""},{""name"":""defaultValue"",""title"":""Default value"",""value"":""""},{""name"":""model"",""title"":""Model"",""value"":""com.axelor.apps.base.db.Batch""},{""name"":""modelField"",""title"":""Model field"",""value"":""attrs""},{""name"":""jsonModel"",""title"":""Json model"",""value"":""""},{""name"":""selection"",""title"":""Selection"",""value"":""""},{""name"":""widget"",""title"":""Widget"",""value"":""""},{""name"":""help"",""title"":""Help"",""value"":""""},{""name"":""showIf"",""title"":""Show if"",""value"":""$record.projectInvoicingAssistantBatch != null && $record.projectInvoicingAssistantBatch.actionSelect == 1""},{""name"":""hideIf"",""title"":""Hide if"",""value"":""""},{""name"":""requiredIf"",""title"":""Required if"",""value"":""""},{""name"":""readonlyIf"",""title"":""Readonly if"",""value"":""""},{""name"":""includeIf"",""title"":""Include if"",""value"":""""},{""name"":""contextField"",""title"":""Context field"",""value"":""""},{""name"":""contextFieldTarget"",""title"":""Context field target"",""value"":""""},{""name"":""contextFieldTargetName"",""title"":""Context field target name"",""value"":""""},{""name"":""contextFieldValue"",""title"":""Context field value"",""value"":""""},{""name"":""contextFieldTitle"",""title"":""Context field title"",""value"":""""},{""name"":""hidden"",""title"":""Hidden"",""value"":""False""},{""name"":""required"",""title"":""Required"",""value"":""False""},{""name"":""readonly"",""title"":""Readonly"",""value"":""False""},{""name"":""nameField"",""title"":""Name field"",""value"":""False""},{""name"":""visibleInGrid"",""title"":""Visible in grid"",""value"":""False""},{""name"":""minSize"",""title"":""Min size"",""value"":""0""},{""name"":""maxSize"",""title"":""Max size"",""value"":""0""},{""name"":""precision"",""title"":""Precision"",""value"":""6""},{""name"":""scale"",""title"":""Scale"",""value"":""2""},{""name"":""sequence"",""title"":""Sequence"",""value"":""3""},{""name"":""columnSequence"",""title"":""Column sequence"",""value"":""0""},{""name"":""regex"",""title"":""Regex"",""value"":""""},{""name"":""valueExpr"",""title"":""Value Expression"",""value"":""""},{""name"":""targetModel"",""title"":""Target model"",""value"":""com.axelor.apps.hr.db.TimesheetLine""},{""name"":""enumType"",""title"":""Enum type"",""value"":""""},{""name"":""formView"",""title"":""Form view"",""value"":""timesheet-line-project-form""},{""name"":""gridView"",""title"":""Grid view"",""value"":""timesheet-line-project-grid""},{""name"":""domain"",""title"":""Domain"",""value"":""""},{""name"":""targetJsonModel"",""title"":""Target json model"",""value"":""""},{""name"":""onChange"",""title"":""On change"",""value"":""""},{""name"":""onClick"",""title"":""On click"",""value"":""""},{""name"":""widgetAttrs"",""title"":""Widget attrs"",""value"":""{\""colSpan\"": \""12\""}""}],""tags"":[]}","notification","com.axelor.meta.db.MetaJsonField","","","34","","","1","<1528477467.33.1682961790919@vikas-Inspiron-5570>","4",""
"","showGeneratedInvoicingProjectBtn","Record created","{""title"":""Record created"",""tracks"":[{""name"":""name"",""title"":""Name"",""value"":""showGeneratedInvoicingProjectBtn""},{""name"":""title"",""title"":""Title"",""value"":""Show generated invoicing projects""},{""name"":""type"",""title"":""Type"",""value"":""Button""},{""name"":""defaultValue"",""title"":""Default value"",""value"":""""},{""name"":""model"",""title"":""Model"",""value"":""com.axelor.apps.base.db.Batch""},{""name"":""modelField"",""title"":""Model field"",""value"":""attrs""},{""name"":""jsonModel"",""title"":""Json model"",""value"":""""},{""name"":""selection"",""title"":""Selection"",""value"":""""},{""name"":""widget"",""title"":""Widget"",""value"":""""},{""name"":""help"",""title"":""Help"",""value"":""""},{""name"":""showIf"",""title"":""Show if"",""value"":""$record.projectInvoicingAssistantBatch != null && $record.projectInvoicingAssistantBatch.actionSelect == 2""},{""name"":""hideIf"",""title"":""Hide if"",""value"":""""},{""name"":""requiredIf"",""title"":""Required if"",""value"":""""},{""name"":""readonlyIf"",""title"":""Readonly if"",""value"":""""},{""name"":""includeIf"",""title"":""Include if"",""value"":""""},{""name"":""contextField"",""title"":""Context field"",""value"":""""},{""name"":""contextFieldTarget"",""title"":""Context field target"",""value"":""""},{""name"":""contextFieldTargetName"",""title"":""Context field target name"",""value"":""""},{""name"":""contextFieldValue"",""title"":""Context field value"",""value"":""""},{""name"":""contextFieldTitle"",""title"":""Context field title"",""value"":""""},{""name"":""hidden"",""title"":""Hidden"",""value"":""False""},{""name"":""required"",""title"":""Required"",""value"":""False""},{""name"":""readonly"",""title"":""Readonly"",""value"":""False""},{""name"":""nameField"",""title"":""Name field"",""value"":""False""},{""name"":""visibleInGrid"",""title"":""Visible in grid"",""value"":""False""},{""name"":""minSize"",""title"":""Min size"",""value"":""0""},{""name"":""maxSize"",""title"":""Max size"",""value"":""0""},{""name"":""precision"",""title"":""Precision"",""value"":""6""},{""name"":""scale"",""title"":""Scale"",""value"":""2""},{""name"":""sequence"",""title"":""Sequence"",""value"":""8""},{""name"":""columnSequence"",""title"":""Column sequence"",""value"":""0""},{""name"":""regex"",""title"":""Regex"",""value"":""""},{""name"":""valueExpr"",""title"":""Value Expression"",""value"":""""},{""name"":""targetModel"",""title"":""Target model"",""value"":""""},{""name"":""enumType"",""title"":""Enum type"",""value"":""""},{""name"":""formView"",""title"":""Form view"",""value"":""""},{""name"":""gridView"",""title"":""Grid view"",""value"":""""},{""name"":""domain"",""title"":""Domain"",""value"":""""},{""name"":""targetJsonModel"",""title"":""Target json model"",""value"":""""},{""name"":""onChange"",""title"":""On change"",""value"":""""},{""name"":""onClick"",""title"":""On click"",""value"":""action-project-invoicing-assistant-batch-method-show-inv-project,close""},{""name"":""widgetAttrs"",""title"":""Widget attrs"",""value"":""{\""colSpan\"": \""5\""}""}],""tags"":[]}","notification","com.axelor.meta.db.MetaJsonField","","","35","","","1","<1230327675.34.1682961790925@vikas-Inspiron-5570>","9",""
"","invProjectSpacer","Record created","{""title"":""Record created"",""tracks"":[{""name"":""name"",""title"":""Name"",""value"":""invProjectSpacer""},{""name"":""title"",""title"":""Title"",""value"":""""},{""name"":""type"",""title"":""Type"",""value"":""Spacer""},{""name"":""defaultValue"",""title"":""Default value"",""value"":""""},{""name"":""model"",""title"":""Model"",""value"":""com.axelor.apps.base.db.Batch""},{""name"":""modelField"",""title"":""Model field"",""value"":""attrs""},{""name"":""jsonModel"",""title"":""Json model"",""value"":""""},{""name"":""selection"",""title"":""Selection"",""value"":""""},{""name"":""widget"",""title"":""Widget"",""value"":""""},{""name"":""help"",""title"":""Help"",""value"":""""},{""name"":""showIf"",""title"":""Show if"",""value"":""$record.projectInvoicingAssistantBatch != null && $record.projectInvoicingAssistantBatch.actionSelect == 2""},{""name"":""hideIf"",""title"":""Hide if"",""value"":""""},{""name"":""requiredIf"",""title"":""Required if"",""value"":""""},{""name"":""readonlyIf"",""title"":""Readonly if"",""value"":""""},{""name"":""includeIf"",""title"":""Include if"",""value"":""""},{""name"":""contextField"",""title"":""Context field"",""value"":""""},{""name"":""contextFieldTarget"",""title"":""Context field target"",""value"":""""},{""name"":""contextFieldTargetName"",""title"":""Context field target name"",""value"":""""},{""name"":""contextFieldValue"",""title"":""Context field value"",""value"":""""},{""name"":""contextFieldTitle"",""title"":""Context field title"",""value"":""""},{""name"":""hidden"",""title"":""Hidden"",""value"":""False""},{""name"":""required"",""title"":""Required"",""value"":""False""},{""name"":""readonly"",""title"":""Readonly"",""value"":""False""},{""name"":""nameField"",""title"":""Name field"",""value"":""False""},{""name"":""visibleInGrid"",""title"":""Visible in grid"",""value"":""False""},{""name"":""minSize"",""title"":""Min size"",""value"":""0""},{""name"":""maxSize"",""title"":""Max size"",""value"":""0""},{""name"":""precision"",""title"":""Precision"",""value"":""6""},{""name"":""scale"",""title"":""Scale"",""value"":""2""},{""name"":""sequence"",""title"":""Sequence"",""value"":""7""},{""name"":""columnSequence"",""title"":""Column sequence"",""value"":""0""},{""name"":""regex"",""title"":""Regex"",""value"":""""},{""name"":""valueExpr"",""title"":""Value Expression"",""value"":""""},{""name"":""targetModel"",""title"":""Target model"",""value"":""""},{""name"":""enumType"",""title"":""Enum type"",""value"":""""},{""name"":""formView"",""title"":""Form view"",""value"":""""},{""name"":""gridView"",""title"":""Grid view"",""value"":""""},{""name"":""domain"",""title"":""Domain"",""value"":""""},{""name"":""targetJsonModel"",""title"":""Target json model"",""value"":""""},{""name"":""onChange"",""title"":""On change"",""value"":""""},{""name"":""onClick"",""title"":""On click"",""value"":""""},{""name"":""widgetAttrs"",""title"":""Widget attrs"",""value"":""{\""colSpan\"": \""12\""}""}],""tags"":[]}","notification","com.axelor.meta.db.MetaJsonField","","","36","","","1","<445710238.35.1682961790930@vikas-Inspiron-5570>","8",""
"","showUpdatedTaskBtn","Record created","{""title"":""Record created"",""tracks"":[{""name"":""name"",""title"":""Name"",""value"":""showUpdatedTaskBtn""},{""name"":""title"",""title"":""Title"",""value"":""Show updated tasks""},{""name"":""type"",""title"":""Type"",""value"":""Button""},{""name"":""defaultValue"",""title"":""Default value"",""value"":""""},{""name"":""model"",""title"":""Model"",""value"":""com.axelor.apps.base.db.Batch""},{""name"":""modelField"",""title"":""Model field"",""value"":""attrs""},{""name"":""jsonModel"",""title"":""Json model"",""value"":""""},{""name"":""selection"",""title"":""Selection"",""value"":""""},{""name"":""widget"",""title"":""Widget"",""value"":""""},{""name"":""help"",""title"":""Help"",""value"":""""},{""name"":""showIf"",""title"":""Show if"",""value"":""$record.projectInvoicingAssistantBatch != null && $record.projectInvoicingAssistantBatch.actionSelect == 1""},{""name"":""hideIf"",""title"":""Hide if"",""value"":""""},{""name"":""requiredIf"",""title"":""Required if"",""value"":""""},{""name"":""readonlyIf"",""title"":""Readonly if"",""value"":""""},{""name"":""includeIf"",""title"":""Include if"",""value"":""""},{""name"":""contextField"",""title"":""Context field"",""value"":""""},{""name"":""contextFieldTarget"",""title"":""Context field target"",""value"":""""},{""name"":""contextFieldTargetName"",""title"":""Context field target name"",""value"":""""},{""name"":""contextFieldValue"",""title"":""Context field value"",""value"":""""},{""name"":""contextFieldTitle"",""title"":""Context field title"",""value"":""""},{""name"":""hidden"",""title"":""Hidden"",""value"":""False""},{""name"":""required"",""title"":""Required"",""value"":""False""},{""name"":""readonly"",""title"":""Readonly"",""value"":""False""},{""name"":""nameField"",""title"":""Name field"",""value"":""False""},{""name"":""visibleInGrid"",""title"":""Visible in grid"",""value"":""False""},{""name"":""minSize"",""title"":""Min size"",""value"":""0""},{""name"":""maxSize"",""title"":""Max size"",""value"":""0""},{""name"":""precision"",""title"":""Precision"",""value"":""6""},{""name"":""scale"",""title"":""Scale"",""value"":""2""},{""name"":""sequence"",""title"":""Sequence"",""value"":""2""},{""name"":""columnSequence"",""title"":""Column sequence"",""value"":""0""},{""name"":""regex"",""title"":""Regex"",""value"":""""},{""name"":""valueExpr"",""title"":""Value Expression"",""value"":""""},{""name"":""targetModel"",""title"":""Target model"",""value"":""""},{""name"":""enumType"",""title"":""Enum type"",""value"":""""},{""name"":""formView"",""title"":""Form view"",""value"":""""},{""name"":""gridView"",""title"":""Grid view"",""value"":""""},{""name"":""domain"",""title"":""Domain"",""value"":""""},{""name"":""targetJsonModel"",""title"":""Target json model"",""value"":""""},{""name"":""onChange"",""title"":""On change"",""value"":""""},{""name"":""onClick"",""title"":""On click"",""value"":""action-project-invoicing-assistant-batch-method-show-task,close""},{""name"":""widgetAttrs"",""title"":""Widget attrs"",""value"":""{\""colSpan\"": \""5\""}""}],""tags"":[]}","notification","com.axelor.meta.db.MetaJsonField","","","37","","","1","<1758742981.36.1682961790936@vikas-Inspiron-5570>","3",""
"","taskSpacer","Record created","{""title"":""Record created"",""tracks"":[{""name"":""name"",""title"":""Name"",""value"":""taskSpacer""},{""name"":""title"",""title"":""Title"",""value"":""""},{""name"":""type"",""title"":""Type"",""value"":""Spacer""},{""name"":""defaultValue"",""title"":""Default value"",""value"":""""},{""name"":""model"",""title"":""Model"",""value"":""com.axelor.apps.base.db.Batch""},{""name"":""modelField"",""title"":""Model field"",""value"":""attrs""},{""name"":""jsonModel"",""title"":""Json model"",""value"":""""},{""name"":""selection"",""title"":""Selection"",""value"":""""},{""name"":""widget"",""title"":""Widget"",""value"":""""},{""name"":""help"",""title"":""Help"",""value"":""""},{""name"":""showIf"",""title"":""Show if"",""value"":""$record.projectInvoicingAssistantBatch != null && $record.projectInvoicingAssistantBatch.actionSelect == 1""},{""name"":""hideIf"",""title"":""Hide if"",""value"":""""},{""name"":""requiredIf"",""title"":""Required if"",""value"":""""},{""name"":""readonlyIf"",""title"":""Readonly if"",""value"":""""},{""name"":""includeIf"",""title"":""Include if"",""value"":""""},{""name"":""contextField"",""title"":""Context field"",""value"":""""},{""name"":""contextFieldTarget"",""title"":""Context field target"",""value"":""""},{""name"":""contextFieldTargetName"",""title"":""Context field target name"",""value"":""""},{""name"":""contextFieldValue"",""title"":""Context field value"",""value"":""""},{""name"":""contextFieldTitle"",""title"":""Context field title"",""value"":""""},{""name"":""hidden"",""title"":""Hidden"",""value"":""False""},{""name"":""required"",""title"":""Required"",""value"":""False""},{""name"":""readonly"",""title"":""Readonly"",""value"":""False""},{""name"":""nameField"",""title"":""Name field"",""value"":""False""},{""name"":""visibleInGrid"",""title"":""Visible in grid"",""value"":""False""},{""name"":""minSize"",""title"":""Min size"",""value"":""0""},{""name"":""maxSize"",""title"":""Max size"",""value"":""0""},{""name"":""precision"",""title"":""Precision"",""value"":""6""},{""name"":""scale"",""title"":""Scale"",""value"":""2""},{""name"":""sequence"",""title"":""Sequence"",""value"":""1""},{""name"":""columnSequence"",""title"":""Column sequence"",""value"":""0""},{""name"":""regex"",""title"":""Regex"",""value"":""""},{""name"":""valueExpr"",""title"":""Value Expression"",""value"":""""},{""name"":""targetModel"",""title"":""Target model"",""value"":""""},{""name"":""enumType"",""title"":""Enum type"",""value"":""""},{""name"":""formView"",""title"":""Form view"",""value"":""""},{""name"":""gridView"",""title"":""Grid view"",""value"":""""},{""name"":""domain"",""title"":""Domain"",""value"":""""},{""name"":""targetJsonModel"",""title"":""Target json model"",""value"":""""},{""name"":""onChange"",""title"":""On change"",""value"":""""},{""name"":""onClick"",""title"":""On click"",""value"":""""},{""name"":""widgetAttrs"",""title"":""Widget attrs"",""value"":""{\""colSpan\"": \""12\""}""}],""tags"":[]}","notification","com.axelor.meta.db.MetaJsonField","","","38","","","1","<438119815.37.1682961790941@vikas-Inspiron-5570>","2",""
"","updatedTaskSet","Record created","{""title"":""Record created"",""tracks"":[{""name"":""name"",""title"":""Name"",""value"":""updatedTaskSet""},{""name"":""title"",""title"":""Title"",""value"":""Updated tasks""},{""name"":""type"",""title"":""Type"",""value"":""many-to-many""},{""name"":""defaultValue"",""title"":""Default value"",""value"":""""},{""name"":""model"",""title"":""Model"",""value"":""com.axelor.apps.base.db.Batch""},{""name"":""modelField"",""title"":""Model field"",""value"":""attrs""},{""name"":""jsonModel"",""title"":""Json model"",""value"":""""},{""name"":""selection"",""title"":""Selection"",""value"":""""},{""name"":""widget"",""title"":""Widget"",""value"":""""},{""name"":""help"",""title"":""Help"",""value"":""""},{""name"":""showIf"",""title"":""Show if"",""value"":""$record.projectInvoicingAssistantBatch != null && $record.projectInvoicingAssistantBatch.actionSelect == 1""},{""name"":""hideIf"",""title"":""Hide if"",""value"":""""},{""name"":""requiredIf"",""title"":""Required if"",""value"":""""},{""name"":""readonlyIf"",""title"":""Readonly if"",""value"":""""},{""name"":""includeIf"",""title"":""Include if"",""value"":""""},{""name"":""contextField"",""title"":""Context field"",""value"":""""},{""name"":""contextFieldTarget"",""title"":""Context field target"",""value"":""""},{""name"":""contextFieldTargetName"",""title"":""Context field target name"",""value"":""""},{""name"":""contextFieldValue"",""title"":""Context field value"",""value"":""""},{""name"":""contextFieldTitle"",""title"":""Context field title"",""value"":""""},{""name"":""hidden"",""title"":""Hidden"",""value"":""False""},{""name"":""required"",""title"":""Required"",""value"":""False""},{""name"":""readonly"",""title"":""Readonly"",""value"":""False""},{""name"":""nameField"",""title"":""Name field"",""value"":""False""},{""name"":""visibleInGrid"",""title"":""Visible in grid"",""value"":""False""},{""name"":""minSize"",""title"":""Min size"",""value"":""0""},{""name"":""maxSize"",""title"":""Max size"",""value"":""0""},{""name"":""precision"",""title"":""Precision"",""value"":""6""},{""name"":""scale"",""title"":""Scale"",""value"":""2""},{""name"":""sequence"",""title"":""Sequence"",""value"":""0""},{""name"":""columnSequence"",""title"":""Column sequence"",""value"":""0""},{""name"":""regex"",""title"":""Regex"",""value"":""""},{""name"":""valueExpr"",""title"":""Value Expression"",""value"":""""},{""name"":""targetModel"",""title"":""Target model"",""value"":""com.axelor.apps.project.db.ProjectTask""},{""name"":""enumType"",""title"":""Enum type"",""value"":""""},{""name"":""formView"",""title"":""Form view"",""value"":""project-task-form""},{""name"":""gridView"",""title"":""Grid view"",""value"":""business-project-project-task-grid""},{""name"":""domain"",""title"":""Domain"",""value"":""""},{""name"":""targetJsonModel"",""title"":""Target json model"",""value"":""""},{""name"":""onChange"",""title"":""On change"",""value"":""""},{""name"":""onClick"",""title"":""On click"",""value"":""""},{""name"":""widgetAttrs"",""title"":""Widget attrs"",""value"":""{\""colSpan\"": \""12\""}""}],""tags"":[]}","notification","com.axelor.meta.db.MetaJsonField","","","39","","","1","<891855272.38.1682961790947@vikas-Inspiron-5570>","1",""
"","SOXXXX - Sale order / Customer Order","Record updated","{""title"":""Record updated"",""tracks"":[{""name"":""company"",""title"":""Company"",""value"":""Axelor""}],""tags"":[]}","notification","com.axelor.apps.base.db.Sequence","","","84","","","1","<701421629.83.1682963998803@vikas-Inspiron-5570>","14",""
"","#2-Test Company","Quotation/sale order created","{""title"":""Quotation/sale order created"",""tracks"":[{""name"":""saleOrderSeq"",""title"":""Internal Number"",""value"":""#2""},{""name"":""clientPartner"",""title"":""Customer"",""value"":""P0001 - Test Company""},{""name"":""statusSelect"",""title"":""Status"",""value"":""1""},{""name"":""creationDate"",""title"":""Creation date"",""value"":""2023-06-12""},{""name"":""inTaxTotal"",""title"":""Total A.T.I."",""value"":""6006.00""}],""tags"":[{""style"":""important"",""title"":""Draft quotation""}]}","notification","com.axelor.apps.sale.db.SaleOrder","","","99","","","1","<1178530161.0.1686554959980@vikas-Inspiron-5570>","2",""
"","#2-prod 1","Record created","{""title"":""Record created"",""tracks"":[{""name"":""requestedReservedQty"",""title"":""Requested reserved qty"",""value"":""0.0000000000""},{""name"":""reservedQty"",""title"":""Allocated qty"",""value"":""0.0000000000""}],""tags"":[]}","notification","com.axelor.apps.sale.db.SaleOrderLine","","","100","","","1","<453999681.1.1686554960006@vikas-Inspiron-5570>","2",""
"","#2-prod 1","Record created","{""title"":""Record created"",""tracks"":[{""name"":""requestedReservedQty"",""title"":""Requested reserved qty"",""value"":""0.0000000000""},{""name"":""reservedQty"",""title"":""Allocated qty"",""value"":""0.0000000000""}],""tags"":[]}","notification","com.axelor.apps.sale.db.SaleOrderLine","","","103","","","1","<818731296.4.1686554960069@vikas-Inspiron-5570>","5",""
"","#2-prod 1","Record created","{""title"":""Record created"",""tracks"":[{""name"":""requestedReservedQty"",""title"":""Requested reserved qty"",""value"":""0.0000000000""},{""name"":""reservedQty"",""title"":""Allocated qty"",""value"":""0.0000000000""}],""tags"":[]}","notification","com.axelor.apps.sale.db.SaleOrderLine","","","104","","","1","<1452092713.5.1686554960090@vikas-Inspiron-5570>","6",""
"","#2-prod 1","Record created","{""title"":""Record created"",""tracks"":[{""name"":""requestedReservedQty"",""title"":""Requested reserved qty"",""value"":""0.0000000000""},{""name"":""reservedQty"",""title"":""Allocated qty"",""value"":""0.0000000000""}],""tags"":[]}","notification","com.axelor.apps.sale.db.SaleOrderLine","","","105","","","1","<1162592423.6.1686554960110@vikas-Inspiron-5570>","7",""
"","perm.meta.menu.r","Record created","{""title"":""Record created"",""tracks"":[{""name"":""name"",""title"":""Name"",""value"":""perm.meta.menu.r""},{""name"":""object"",""title"":""Object"",""value"":""com.axelor.meta.db.MetaMenu""},{""name"":""canRead"",""title"":""Read"",""value"":""True""},{""name"":""canWrite"",""title"":""Write"",""value"":""False""},{""name"":""canCreate"",""title"":""Create"",""value"":""False""},{""name"":""canRemove"",""title"":""Remove"",""value"":""False""},{""name"":""canExport"",""title"":""Export"",""value"":""False""},{""name"":""condition"",""title"":""Condition"",""value"":""""},{""name"":""conditionParams"",""title"":""Condition params"",""value"":""""}],""tags"":[]}","notification","com.axelor.auth.db.Permission","","","47","","","1","<1953586143.46.1682961800557@vikas-Inspiron-5570>","40",""
"","perm.project.projectTask.all","Record created","{""title"":""Record created"",""tracks"":[{""name"":""name"",""title"":""Name"",""value"":""perm.project.projectTask.all""},{""name"":""object"",""title"":""Object"",""value"":""com.axelor.apps.project.db.ProjectTask""},{""name"":""canRead"",""title"":""Read"",""value"":""True""},{""name"":""canWrite"",""title"":""Write"",""value"":""True""},{""name"":""canCreate"",""title"":""Create"",""value"":""True""},{""name"":""canRemove"",""title"":""Remove"",""value"":""True""},{""name"":""canExport"",""title"":""Export"",""value"":""True""},{""name"":""condition"",""title"":""Condition"",""value"":""self.project IN (SELECT p FROM Project p WHERE ? MEMBER OF p.membersUserSet)""},{""name"":""conditionParams"",""title"":""Condition params"",""value"":""__user__""}],""tags"":[]}","notification","com.axelor.auth.db.Permission","","","48","","","1","<793694419.47.1682961800562@vikas-Inspiron-5570>","30",""
"","perm.businessproject.invoicingProject.all","Record created","{""title"":""Record created"",""tracks"":[{""name"":""name"",""title"":""Name"",""value"":""perm.businessproject.invoicingProject.all""},{""name"":""object"",""title"":""Object"",""value"":""com.axelor.apps.businessproject.db.InvoicingProject""},{""name"":""canRead"",""title"":""Read"",""value"":""True""},{""name"":""canWrite"",""title"":""Write"",""value"":""True""},{""name"":""canCreate"",""title"":""Create"",""value"":""True""},{""name"":""canRemove"",""title"":""Remove"",""value"":""True""},{""name"":""canExport"",""title"":""Export"",""value"":""True""},{""name"":""condition"",""title"":""Condition"",""value"":""self.project IN (SELECT p FROM Project p WHERE ? MEMBER OF p.membersUserSet)""},{""name"":""conditionParams"",""title"":""Condition params"",""value"":""__user__""}],""tags"":[]}","notification","com.axelor.auth.db.Permission","","","49","","","1","<1342394615.48.1682961800564@vikas-Inspiron-5570>","41",""
"","perm.project.project.r","Record created","{""title"":""Record created"",""tracks"":[{""name"":""name"",""title"":""Name"",""value"":""perm.project.project.r""},{""name"":""object"",""title"":""Object"",""value"":""com.axelor.apps.project.db.Project""},{""name"":""canRead"",""title"":""Read"",""value"":""True""},{""name"":""canWrite"",""title"":""Write"",""value"":""False""},{""name"":""canCreate"",""title"":""Create"",""value"":""False""},{""name"":""canRemove"",""title"":""Remove"",""value"":""False""},{""name"":""canExport"",""title"":""Export"",""value"":""False""},{""name"":""condition"",""title"":""Condition"",""value"":""(?) MEMBER OF self.membersUserSet""},{""name"":""conditionParams"",""title"":""Condition params"",""value"":""__user__""}],""tags"":[]}","notification","com.axelor.auth.db.Permission","","","50","","","1","<1012488403.49.1682961800567@vikas-Inspiron-5570>","31",""
"","perm.project.projectTaskCategory.r","Record created","{""title"":""Record created"",""tracks"":[{""name"":""name"",""title"":""Name"",""value"":""perm.project.projectTaskCategory.r""},{""name"":""object"",""title"":""Object"",""value"":""com.axelor.apps.project.db.ProjectTaskCategory""},{""name"":""canRead"",""title"":""Read"",""value"":""True""},{""name"":""canWrite"",""title"":""Write"",""value"":""False""},{""name"":""canCreate"",""title"":""Create"",""value"":""False""},{""name"":""canRemove"",""title"":""Remove"",""value"":""False""},{""name"":""canExport"",""title"":""Export"",""value"":""False""},{""name"":""condition"",""title"":""Condition"",""value"":""""},{""name"":""conditionParams"",""title"":""Condition params"",""value"":""""}],""tags"":[]}","notification","com.axelor.auth.db.Permission","","","51","","","1","<2110826740.50.1682961800570@vikas-Inspiron-5570>","32",""
"","perm.base.unit.r","Record created","{""title"":""Record created"",""tracks"":[{""name"":""name"",""title"":""Name"",""value"":""perm.base.unit.r""},{""name"":""object"",""title"":""Object"",""value"":""com.axelor.apps.base.db.Unit""},{""name"":""canRead"",""title"":""Read"",""value"":""True""},{""name"":""canWrite"",""title"":""Write"",""value"":""False""},{""name"":""canCreate"",""title"":""Create"",""value"":""False""},{""name"":""canRemove"",""title"":""Remove"",""value"":""False""},{""name"":""canExport"",""title"":""Export"",""value"":""False""},{""name"":""condition"",""title"":""Condition"",""value"":""""},{""name"":""conditionParams"",""title"":""Condition params"",""value"":""""}],""tags"":[]}","notification","com.axelor.auth.db.Permission","","","52","","","1","<830579387.51.1682961800575@vikas-Inspiron-5570>","33",""
"","perm.businesssupport.projectVersion.r","Record created","{""title"":""Record created"",""tracks"":[{""name"":""name"",""title"":""Name"",""value"":""perm.businesssupport.projectVersion.r""},{""name"":""object"",""title"":""Object"",""value"":""com.axelor.apps.businesssupport.db.ProjectVersion""},{""name"":""canRead"",""title"":""Read"",""value"":""True""},{""name"":""canWrite"",""title"":""Write"",""value"":""False""},{""name"":""canCreate"",""title"":""Create"",""value"":""False""},{""name"":""canRemove"",""title"":""Remove"",""value"":""False""},{""name"":""canExport"",""title"":""Export"",""value"":""False""},{""name"":""condition"",""title"":""Condition"",""value"":""""},{""name"":""conditionParams"",""title"":""Condition params"",""value"":""""}],""tags"":[]}","notification","com.axelor.auth.db.Permission","","","53","","","1","<971039666.52.1682961800579@vikas-Inspiron-5570>","34",""
"","perm.base.currency.r","Record created","{""title"":""Record created"",""tracks"":[{""name"":""name"",""title"":""Name"",""value"":""perm.base.currency.r""},{""name"":""object"",""title"":""Object"",""value"":""com.axelor.apps.base.db.Currency""},{""name"":""canRead"",""title"":""Read"",""value"":""True""},{""name"":""canWrite"",""title"":""Write"",""value"":""False""},{""name"":""canCreate"",""title"":""Create"",""value"":""False""},{""name"":""canRemove"",""title"":""Remove"",""value"":""False""},{""name"":""canExport"",""title"":""Export"",""value"":""False""},{""name"":""condition"",""title"":""Condition"",""value"":""""},{""name"":""conditionParams"",""title"":""Condition params"",""value"":""""}],""tags"":[]}","notification","com.axelor.auth.db.Permission","","","54","","","1","<1698828202.53.1682961800583@vikas-Inspiron-5570>","35",""
"","perm.base.product.r","Record created","{""title"":""Record created"",""tracks"":[{""name"":""name"",""title"":""Name"",""value"":""perm.base.product.r""},{""name"":""object"",""title"":""Object"",""value"":""com.axelor.apps.base.db.Product""},{""name"":""canRead"",""title"":""Read"",""value"":""True""},{""name"":""canWrite"",""title"":""Write"",""value"":""False""},{""name"":""canCreate"",""title"":""Create"",""value"":""False""},{""name"":""canRemove"",""title"":""Remove"",""value"":""False""},{""name"":""canExport"",""title"":""Export"",""value"":""False""},{""name"":""condition"",""title"":""Condition"",""value"":""""},{""name"":""conditionParams"",""title"":""Condition params"",""value"":""""}],""tags"":[]}","notification","com.axelor.auth.db.Permission","","","55","","","1","<549736690.54.1682961800587@vikas-Inspiron-5570>","36",""
"","perm.base.team.r","Record created","{""title"":""Record created"",""tracks"":[{""name"":""name"",""title"":""Name"",""value"":""perm.base.team.r""},{""name"":""object"",""title"":""Object"",""value"":""com.axelor.team.db.Team""},{""name"":""canRead"",""title"":""Read"",""value"":""True""},{""name"":""canWrite"",""title"":""Write"",""value"":""False""},{""name"":""canCreate"",""title"":""Create"",""value"":""False""},{""name"":""canRemove"",""title"":""Remove"",""value"":""False""},{""name"":""canExport"",""title"":""Export"",""value"":""False""},{""name"":""condition"",""title"":""Condition"",""value"":""""},{""name"":""conditionParams"",""title"":""Condition params"",""value"":""""}],""tags"":[]}","notification","com.axelor.auth.db.Permission","","","56","","","1","<374059334.55.1682961800594@vikas-Inspiron-5570>","37",""
"","perm.project.projectPlanningTime.r","Record created","{""title"":""Record created"",""tracks"":[{""name"":""name"",""title"":""Name"",""value"":""perm.project.projectPlanningTime.r""},{""name"":""object"",""title"":""Object"",""value"":""com.axelor.apps.project.db.ProjectPlanningTime""},{""name"":""canRead"",""title"":""Read"",""value"":""True""},{""name"":""canWrite"",""title"":""Write"",""value"":""False""},{""name"":""canCreate"",""title"":""Create"",""value"":""False""},{""name"":""canRemove"",""title"":""Remove"",""value"":""False""},{""name"":""canExport"",""title"":""Export"",""value"":""False""},{""name"":""condition"",""title"":""Condition"",""value"":""""},{""name"":""conditionParams"",""title"":""Condition params"",""value"":""""}],""tags"":[]}","notification","com.axelor.auth.db.Permission","","","57","","","1","<1498324242.56.1682961800599@vikas-Inspiron-5570>","38",""
"","","Record updated","{""title"":""Record updated"",""tracks"":[{""name"":""printingConfigPerSaleOrder"",""oldValue"":""False"",""title"":""Printing config per Sale Order"",""value"":""True""}],""tags"":[]}","notification","com.axelor.apps.base.db.AppSale","","","87","","","1","<1080837082.86.1682964229008@vikas-Inspiron-5570>","1",""
"","perm.base.timer.r","Record created","{""title"":""Record created"",""tracks"":[{""name"":""name"",""title"":""Name"",""value"":""perm.base.timer.r""},{""name"":""object"",""title"":""Object"",""value"":""com.axelor.apps.base.db.Timer""},{""name"":""canRead"",""title"":""Read"",""value"":""True""},{""name"":""canWrite"",""title"":""Write"",""value"":""False""},{""name"":""canCreate"",""title"":""Create"",""value"":""False""},{""name"":""canRemove"",""title"":""Remove"",""value"":""False""},{""name"":""canExport"",""title"":""Export"",""value"":""False""},{""name"":""condition"",""title"":""Condition"",""value"":""""},{""name"":""conditionParams"",""title"":""Condition params"",""value"":""""}],""tags"":[]}","notification","com.axelor.auth.db.Permission","","","58","","","1","<658428457.57.1682961800606@vikas-Inspiron-5570>","39",""
"","perm.bpm.all","Record created","{""title"":""Record created"",""tracks"":[{""name"":""name"",""title"":""Name"",""value"":""perm.bpm.all""},{""name"":""object"",""title"":""Object"",""value"":""com.axelor.apps.bpm.db.*""},{""name"":""canRead"",""title"":""Read"",""value"":""True""},{""name"":""canWrite"",""title"":""Write"",""value"":""True""},{""name"":""canCreate"",""title"":""Create"",""value"":""True""},{""name"":""canRemove"",""title"":""Remove"",""value"":""True""},{""name"":""canExport"",""title"":""Export"",""value"":""True""},{""name"":""condition"",""title"":""Condition"",""value"":""""},{""name"":""conditionParams"",""title"":""Condition params"",""value"":""""}],""tags"":[]}","notification","com.axelor.auth.db.Permission","","","59","","","1","<427756553.58.1682961801010@vikas-Inspiron-5570>","42",""
"","perm.supplier.portal.all","Record created","{""title"":""Record created"",""tracks"":[{""name"":""name"",""title"":""Name"",""value"":""perm.supplier.portal.all""},{""name"":""object"",""title"":""Object"",""value"":""com.axelor.apps.supplier.portal.db.*""},{""name"":""canRead"",""title"":""Read"",""value"":""True""},{""name"":""canWrite"",""title"":""Write"",""value"":""True""},{""name"":""canCreate"",""title"":""Create"",""value"":""True""},{""name"":""canRemove"",""title"":""Remove"",""value"":""True""},{""name"":""canExport"",""title"":""Export"",""value"":""True""},{""name"":""condition"",""title"":""Condition"",""value"":""""},{""name"":""conditionParams"",""title"":""Condition params"",""value"":""""}],""tags"":[]}","notification","com.axelor.auth.db.Permission","","","60","","","1","<1718649402.59.1682961801149@vikas-Inspiron-5570>","43",""
"","perm.client.portal.all","Record created","{""title"":""Record created"",""tracks"":[{""name"":""name"",""title"":""Name"",""value"":""perm.client.portal.all""},{""name"":""object"",""title"":""Object"",""value"":""com.axelor.apps.client.portal.db.*""},{""name"":""canRead"",""title"":""Read"",""value"":""True""},{""name"":""canWrite"",""title"":""Write"",""value"":""True""},{""name"":""canCreate"",""title"":""Create"",""value"":""True""},{""name"":""canRemove"",""title"":""Remove"",""value"":""True""},{""name"":""canExport"",""title"":""Export"",""value"":""True""},{""name"":""condition"",""title"":""Condition"",""value"":""""},{""name"":""conditionParams"",""title"":""Condition params"",""value"":""""}],""tags"":[]}","notification","com.axelor.auth.db.Permission","","","61","","","1","<1161490018.60.1682961801520@vikas-Inspiron-5570>","44",""
"","perm.quality.all","Record created","{""title"":""Record created"",""tracks"":[{""name"":""name"",""title"":""Name"",""value"":""perm.quality.all""},{""name"":""object"",""title"":""Object"",""value"":""com.axelor.apps.quality.db.*""},{""name"":""canRead"",""title"":""Read"",""value"":""True""},{""name"":""canWrite"",""title"":""Write"",""value"":""True""},{""name"":""canCreate"",""title"":""Create"",""value"":""True""},{""name"":""canRemove"",""title"":""Remove"",""value"":""True""},{""name"":""canExport"",""title"":""Export"",""value"":""True""},{""name"":""condition"",""title"":""Condition"",""value"":""""},{""name"":""conditionParams"",""title"":""Condition params"",""value"":""""}],""tags"":[]}","notification","com.axelor.auth.db.Permission","","","62","","","1","<502688444.61.1682961802058@vikas-Inspiron-5570>","45",""
"","#2-prod 1","Record created","{""title"":""Record created"",""tracks"":[{""name"":""desiredDelivDate"",""title"":""Desired receipt date"",""value"":""""},{""name"":""estimatedDelivDate"",""title"":""Estim. receipt date"",""value"":""""}],""tags"":[]}","notification","com.axelor.apps.purchase.db.PurchaseOrderLine","","","106","","","1","<720818447.0.1686589978994@vikas-Inspiron-5570>","3",""
"","#2-Test SUpplier","Purchase order created","{""title"":""Purchase order created"",""tracks"":[{""name"":""purchaseOrderSeq"",""title"":""Ref."",""value"":""#2""},{""name"":""supplierPartner"",""title"":""Supplier"",""value"":""P0003 - Test SUpplier""},{""name"":""deliveryDate"",""title"":""Estimated delivery Date"",""value"":""""}],""tags"":[{""style"":""important"",""title"":""Draft""}]}","notification","com.axelor.apps.purchase.db.PurchaseOrder","","","107","","","1","<647494634.1.1686589979018@vikas-Inspiron-5570>","2",""
