"selectionRef_name","onClick","defaultValue","precision","nameField","metaSelect_name","type","required","hideIf","readonly","minSize","model","importId","isSelectionField","processInstanceId","targetJsonModel_name","includeIf","onChange","contextField","targetModel","selectionText","sequence","regex","columnSequence","selection","formView","domain","name","modelField","widget","hidden","roles_importId","enumType","scale","maxSize","title","showIf","valueExpr","uniqueModel","jsonModel_name","contextFieldValue","readonlyIf","requiredIf","contextFieldTargetName","widgetAttrs","contextFieldTitle","help","contextFieldTarget","visibleInGrid","gridView","appBuilder_importId"
"","","","6","false","","many-to-many","false","","false","0","com.axelor.apps.base.db.Batch","1","false","","","","","","com.axelor.apps.project.db.ProjectTask","","0","","0","","project-task-form","","updatedTaskSet","attrs","","false","","","2","0","Updated tasks","$record.projectInvoicingAssistantBatch != null && $record.projectInvoicingAssistantBatch.actionSelect == 1","","com.axelor.apps.base.db.Batch","","","","","","{""colSpan"": ""12""}","","","","false","business-project-project-task-grid",""
"","","","6","false","","Spacer","false","","false","0","com.axelor.apps.base.db.Batch","2","false","","","","","","","","1","","0","","","","taskSpacer","attrs","","false","","","2","0","","$record.projectInvoicingAssistantBatch != null && $record.projectInvoicingAssistantBatch.actionSelect == 1","","com.axelor.apps.base.db.Batch","","","","","","{""colSpan"": ""12""}","","","","false","",""
"","action-project-invoicing-assistant-batch-method-show-task,close","","6","false","","Button","false","","false","0","com.axelor.apps.base.db.Batch","3","false","","","","","","","","2","","0","","","","showUpdatedTaskBtn","attrs","","false","","","2","0","Show updated tasks","$record.projectInvoicingAssistantBatch != null && $record.projectInvoicingAssistantBatch.actionSelect == 1","","com.axelor.apps.base.db.Batch","","","","","","{""colSpan"": ""5""}","","","","false","",""
"","","","6","false","","many-to-many","false","","false","0","com.axelor.apps.base.db.Batch","4","false","","","","","","com.axelor.apps.hr.db.TimesheetLine","","3","","0","","timesheet-line-project-form","","updatedTimesheetLineSet","attrs","","false","","","2","0","Updated timesheet lines","$record.projectInvoicingAssistantBatch != null && $record.projectInvoicingAssistantBatch.actionSelect == 1","","com.axelor.apps.base.db.Batch","","","","","","{""colSpan"": ""12""}","","","","false","timesheet-line-project-grid",""
"","","","6","false","","Spacer","false","","false","0","com.axelor.apps.base.db.Batch","5","false","","","","","","","","4","","0","","","","timesheetLineSpacer","attrs","","false","","","2","0","","$record.projectInvoicingAssistantBatch != null && $record.projectInvoicingAssistantBatch.actionSelect == 1","","com.axelor.apps.base.db.Batch","","","","","","{""colSpan"": ""12""}","","","","false","",""
"","action-project-invoicing-assistant-batch-method-show-timesheet-line,close","","6","false","","Button","false","","false","0","com.axelor.apps.base.db.Batch","6","false","","","","","","","","5","","0","","","","showUpdatedTimesheetLineBtn","attrs","","false","","","2","0","Show updated timesheet lines","$record.projectInvoicingAssistantBatch != null && $record.projectInvoicingAssistantBatch.actionSelect == 1","","com.axelor.apps.base.db.Batch","","","","","","{""colSpan"": ""5""}","","","","false","",""
"","","","6","false","","many-to-many","false","","false","0","com.axelor.apps.base.db.Batch","7","false","","","","","","com.axelor.apps.businessproject.db.InvoicingProject","","6","","0","","invoicing-project-form","","generatedInvoicingProjectSet","attrs","","false","","","2","0","Generated invoicing projects","$record.projectInvoicingAssistantBatch != null && $record.projectInvoicingAssistantBatch.actionSelect == 2","","com.axelor.apps.base.db.Batch","","","","","","{""colSpan"": ""12""}","","","","false","invoicing-project-grid",""
"","","","6","false","","Spacer","false","","false","0","com.axelor.apps.base.db.Batch","8","false","","","","","","","","7","","0","","","","invProjectSpacer","attrs","","false","","","2","0","","$record.projectInvoicingAssistantBatch != null && $record.projectInvoicingAssistantBatch.actionSelect == 2","","com.axelor.apps.base.db.Batch","","","","","","{""colSpan"": ""12""}","","","","false","",""
"","action-project-invoicing-assistant-batch-method-show-inv-project,close","","6","false","","Button","false","","false","0","com.axelor.apps.base.db.Batch","9","false","","","","","","","","8","","0","","","","showGeneratedInvoicingProjectBtn","attrs","","false","","","2","0","Show generated invoicing projects","$record.projectInvoicingAssistantBatch != null && $record.projectInvoicingAssistantBatch.actionSelect == 2","","com.axelor.apps.base.db.Batch","","","","","","{""colSpan"": ""5""}","","","","false","",""
