"processInstanceId","fileName","filePath","description","fileSize","sizeText","importId","fileType"
"","app-base.png","app-base (1).png","","850","850 B","1","image/png"
"","app-helpdesk.png","app-helpdesk (1).png","","12402","12.40 KB","2","image/png"
"","app-stock.png","app-stock (1).png","","961","961 B","3","image/png"
"","app-purchase.png","app-purchase (1).png","","679","679 B","4","image/png"
"","app-purchase-request.png","app-purchase-request (1).png","","1255","1.26 KB","5","image/png"
"","PCG_fr.zip","PCG_fr (1).zip","","15591","15.59 KB","6","application/zip"
"","uk_uk.zip","uk_uk (1).zip","","3069","3.07 KB","7","application/zip"
"","app-account.png","app-account (1).png","","867","867 B","8","image/png"
"","app-invoice.png","app-invoice (1).png","","613","613 B","9","image/png"
"","app-budget.png","app-budget (1).png","","803","803 B","10","image/png"
"","app-crm.png","app-crm (1).png","","777","777 B","11","image/png"
"","import-lead-config.xml","import-lead-config (1).xml","","1267","1.27 KB","12","application/xml"
"","Lead.csv","Lead (1).csv","","414","414 B","13","text/csv"
"","app-sale.png","app-sale (1).png","","641","641 B","14","image/png"
"","app-supplychain.png","app-supplychain (1).png","","853","853 B","15","image/png"
"","app-bpm.png","app-bpm (1).png","","7983","7.98 KB","16","image/png"
"","app-marketing.png","app-marketing (1).png","","16885","16.89 KB","17","image/png"
"","app-contract.png","app-contract (1).png","","5266","5.27 KB","18","image/png"
"","app-project.png","app-project (1).png","","467","467 B","19","image/png"
"","app-bank-payment.png","app-bank-payment (1).png","","615","615 B","20","image/png"
"","app-employee.png","app-employee (1).png","","1050","1.05 KB","21","image/png"
"","app-leave.png","app-leave (1).png","","1338","1.34 KB","22","image/png"
"","app-expense.png","app-expense (1).png","","1083","1.08 KB","23","image/png"
"","app-timesheet.png","app-timesheet (1).png","","1394","1.39 KB","24","image/png"
"","app-extra-hours.png","app-extra-hours (1).png","","1301","1.30 KB","25","image/png"
"","app-business-project.png","app-business-project (1).png","","6192","6.19 KB","26","image/png"
"","app-training.png","app-training (1).png","","1232","1.23 KB","27","image/png"
"","app-recruitment.png","app-recruitment (1).png","","1316","1.32 KB","28","image/png"
"","app-appraisal.png","app-appraisal (1).png","","1174","1.17 KB","29","image/png"
"","app-fleet.png","app-fleet (1).png","","8404","8.40 KB","30","image/png"
"","app-cash-management.png","app-cash-management (1).png","","712","712 B","31","image/png"
"","app-production.png","app-production (1).png","","15695","15.70 KB","32","image/png"
"","app-maintenance.png","app-maintenance (1).png","","2474","2.47 KB","33","image/png"
"","app-mobile.png","app-mobile (1).png","","511","511 B","34","image/png"
"","app-portal.png","app-portal (2).png","","1088","1.09 KB","35","image/png"
"","app-portal.png","app-portal (3).png","","1088","1.09 KB","36","image/png"
"","app-quality.png","app-quality (1).png","","5292","5.29 KB","37","image/png"
"","input-config-import-FEC-config.xml3052714350121863681.xml","input-config-import-FEC-config.xml3052714350121863681.xml","","1459","1.46 KB","38","application/xml"
"","input-config-input-config-with-tva.xml7672729752001867249.xml","input-config-input-config-with-tva.xml7672729752001867249.xml","","1851","1.85 KB","39","application/xml"
"","SHIH.png","SHIH.png","","1179","1.18 KB","40","image/png"
"","Lead.csv","Lead (2).csv","","1043","1.04 KB","41","text/csv"
"","Lead.csv","Lead (3).csv","","1043","1.04 KB","42","text/csv"
