"code","elementSelect","typeSelect","growthCoef","importId","offsetInMonths","isProjectedForNextMonths","processInstanceId","includeOneOffSalesSelect","label","metaField_name","lateSalesSelect","statusSelect","sequence","applicationFieldSelect","nbrOfMonthProjection","name","includeElementWithoutDate","ignoreEndDate"
"STO","1","1","1.00","1","0","false","","0","Available stock","","0","","0","1","1","STO - Available stock","false","false"
"PPR","5","1","1.00","2","0","false","","0","Purchase proposal","","0","","1","1","1","PPR - Purchase proposal","false","false"
"POR","2","1","1.00","3","0","false","","0","Purchase order","","0","3","3","1","1","POR - Purchase order","false","false"
"NSF","4","2","1.00","4","0","false","","0","Need / sales forecast","","0","","6","1","1","NSF - Need / sales forecast","false","false"
"NSO","3","2","1.00","5","0","false","","0","Need / sale order","","0","3","7","1","1","NSO - Need / sale order","false","false"
"LPA","11","1","1.00","6","0","false","","0","Purchase proposal / Estimated delivery","","0","","3","1","1","PPD - Purchase proposal / Estimated delivery","false","false"
"MPR","8","1","1.00","7","0","false","","0","Manufacturing proposal","","0","","2","1","1","MPR - Manufacturing proposal","false","false"
"MOR","6","1","1.00","8","0","false","","0","Manufacturing order","","0","3,4,5","4","1","1","MOR - Manufacturing order","false","false"
"NMP","9","2","1.00","9","0","false","","0","Need / Manufacturing proposal","","0","","5","1","1","NMP - Need / Manufacturing proposal","false","false"
"NMO","7","2","1.00","10","0","false","","0","Need / Manufacturing order","","0","","8","1","1","NMO - Need / Manufacturing order","false","false"
"NPDP","12","2","1.00","11","0","false","","0","Need / PDP","","0","","2","1","1","NPDP - Need / PDP","false","false"
"PPDP","12","1","1.00","12","0","false","","0","PDP Proposal","","0","","2","2","1","PPDP - PDP Proposal","false","false"
