"canExport","processInstanceId","canRead","canWrite","canCreate","canRemove","condition","name","conditionParams","importId","object"
"true","","true","true","true","true","","perm.exception.all","","1","com.axelor.exception.db.*"
"true","","true","true","true","true","","perm.auth.all","","2","com.axelor.auth.db.*"
"true","","true","true","true","true","","perm.meta.all","","3","com.axelor.meta.db.*"
"true","","true","true","true","true","","perm.mail.all","","4","com.axelor.mail.db.*"
"true","","true","true","true","true","","perm.dms.all","","5","com.axelor.dms.db.*"
"true","","true","true","true","true","","perm.team.all","","6","com.axelor.team.db.*"
"true","","true","true","true","true","","perm.message.all","","7","com.axelor.apps.message.db.*"
"true","","true","true","true","true","","perm.base.all","","8","com.axelor.apps.base.db.*"
"true","","true","true","true","true","","perm.helpdesk.all","","9","com.axelor.apps.helpdesk.db.*"
"true","","true","true","true","true","","perm.stock.all","","10","com.axelor.apps.stock.db.*"
"true","","true","true","true","true","","perm.purchase.all","","11","com.axelor.apps.purchase.db.*"
"true","","true","true","true","true","","perm.account.all","","12","com.axelor.apps.account.db.*"
"true","","true","true","true","true","","perm.crm.all","","13","com.axelor.apps.crm.db.*"
"true","","true","true","true","true","","perm.sale.all","","14","com.axelor.apps.sale.db.*"
"true","","true","true","true","true","","perm.supplychain.all","","15","com.axelor.apps.supplychain.db.*"
"true","","true","true","true","true","","perm.suppliermanagement.all","","16","com.axelor.apps.suppliermanagement.db.*"
"true","","true","true","true","true","","perm.studio.all","","17","com.axelor.studio.db.*"
"true","","true","true","true","true","","perm.marketing.all","","18","com.axelor.apps.marketing.db.*"
"true","","true","true","true","true","","perm.contract.all","","19","com.axelor.apps.contract.db.*"
"true","","true","true","true","true","","perm.project.all","","20","com.axelor.apps.project.db.*"
"false","","true","true","true","false","","perm.projectTask.rwc","","21","com.axelor.apps.project.db.ProjectTask"
"true","","true","true","true","true","","perm.bankpayment.all","","22","com.axelor.apps.bankpayment.db.*"
"true","","true","true","true","true","","perm.hr.all","","23","com.axelor.apps.hr.db.*"
"true","","true","true","true","true","","perm.businessproject.all","","24","com.axelor.apps.businessproject.db.*"
"true","","true","true","true","true","","perm.talent.all","","25","com.axelor.apps.talent.db.*"
"true","","true","true","true","true","","perm.fleet.all","","26","com.axelor.apps.fleet.db.*"
"true","","true","true","true","true","","perm.cash.management.all","","27","com.axelor.apps.cash.management.db.*"
"true","","true","true","true","true","","perm.production.all","","28","com.axelor.apps.production.db.*"
"true","","true","true","true","true","","perm.maintenance.all","","29","com.axelor.apps.maintenance.db.*"
"true","","true","true","true","true","self.project IN (SELECT p FROM Project p WHERE ? MEMBER OF p.membersUserSet)","perm.project.projectTask.all","__user__","30","com.axelor.apps.project.db.ProjectTask"
"false","","true","false","false","false","(?) MEMBER OF self.membersUserSet","perm.project.project.r","__user__","31","com.axelor.apps.project.db.Project"
"false","","true","false","false","false","","perm.project.projectTaskCategory.r","","32","com.axelor.apps.project.db.ProjectTaskCategory"
"false","","true","false","false","false","","perm.base.unit.r","","33","com.axelor.apps.base.db.Unit"
"false","","true","false","false","false","","perm.businesssupport.projectVersion.r","","34","com.axelor.apps.businesssupport.db.ProjectVersion"
"false","","true","false","false","false","","perm.base.currency.r","","35","com.axelor.apps.base.db.Currency"
"false","","true","false","false","false","","perm.base.product.r","","36","com.axelor.apps.base.db.Product"
"false","","true","false","false","false","","perm.base.team.r","","37","com.axelor.team.db.Team"
"false","","true","false","false","false","","perm.project.projectPlanningTime.r","","38","com.axelor.apps.project.db.ProjectPlanningTime"
"false","","true","false","false","false","","perm.base.timer.r","","39","com.axelor.apps.base.db.Timer"
"false","","true","false","false","false","","perm.meta.menu.r","","40","com.axelor.meta.db.MetaMenu"
"true","","true","true","true","true","self.project IN (SELECT p FROM Project p WHERE ? MEMBER OF p.membersUserSet)","perm.businessproject.invoicingProject.all","__user__","41","com.axelor.apps.businessproject.db.InvoicingProject"
"true","","true","true","true","true","","perm.bpm.all","","42","com.axelor.apps.bpm.db.*"
"true","","true","true","true","true","","perm.supplier.portal.all","","43","com.axelor.apps.supplier.portal.db.*"
"true","","true","true","true","true","","perm.client.portal.all","","44","com.axelor.apps.client.portal.db.*"
"true","","true","true","true","true","","perm.quality.all","","45","com.axelor.apps.quality.db.*"
