"processInstanceId","pdfHeader","pdfFooter","addressPositionSelect","defaultMailBirtTemplate_importId","pdfFooterHeight","pdfHeaderHeight","name","colorCode","importId","logoPositionSelect"
"","<p>Payment: 30 Days Terms.&nbsp;<br><span style=""background-color: inherit;"">Warranty: 12 months against manufacturer’s defect on electronic parts only.
<br>Warranty does not valid for human mistake, act of god or lighting strike</span></p>","","0","","0.00","0.00","PO Printing","","2","0"
"","<p>Payment: 50% upon confirmation, 50% upon testing &amp; commissioning&nbsp;<br><span style=""background-color: inherit;"">Warranty: 12 months against manufacturer’s defect on electronic parts only.
<br>Warranty does not valid for human mistake, act of god or lighting strike
<br>Cash remittance : Hong Leong Bank A/C No. 29600004452. Please email bank in slip to info@leaf-tech.com.my.
<br>Cheque payable to Lian Shun Technology (M) Sdn Bhd</span></p>","","0","","0.00","0.00","SO print","","1","0"
