"carrierPartner_importId","expectedRealisationDate","periodicityTypeSelect","mainInvoicingAddressStr","deliveryCondition","deliveryAddress_importId","nextInvoicingEndPeriodDate","importId","invoicedPartner_importId","groupProductsOnPrintings","opportunity_importId","taxNumber_importId","companyCostTotal","isToPrintLineSubTotal","externalReference","deliveredPartner_importId","invoicedFirstDate","template","currentContractPeriodEndDate","confirmationDateTime","saleOrderSeq","stockLocation_importId","computationDate","createdByInterco","numberOfPeriods","contractPeriodInMonths","proformaComments","cancelReasonStr","isIspmRequired","currency_importId","contactPartner_importId","cancelReason_importId","deliveryDate","lastReminderDate","totalCostPrice","tradingName_importId","toInvoiceViaTask","blockedOnCustCreditExceed","subscriptionComment","stockMoveList_importId","hideDiscount","team_importId","companyBankDetails_importId","statusSelect","standardDelay","specificNotes","manualUnblock","internalNote","pickingOrderComments","fiscalPosition_importId","orderNumber","isNeedingConformityCertificate","companyExTaxTotal","advanceTotal","taxTotal","project_importId","totalGrossMargin","oneoffSale","noticePeriodInDays","productionNote","invoiceComments","freightCarrierMode_importId","isTacitAgreement","inTaxTotal","processInstanceId","orderBeingEdited","markup","contractStartDate","subscriptionText","nextInvoicingDate","creationDate","advancePaymentAmountNeeded","mainInvoicingAddress_importId","templateUser_importId","clientPartner_importId","electronicSignature_importId","incoterm_importId","saleOrderTypeSelect","endOfValidityDate","orderDate","timetableTemplate_importId","amountToBeSpreadOverTheTimetable","nextInvPeriodStartDate","description","forwarderPartner_importId","inAti","title","batchSet_importId","priceList_importId","duration_importId","marginRate","printingSettings_importId","toStockLocation_importId","directOrderLocation","company_importId","deliveryAddressStr","shipmentDate","accountedRevenue","nextInvoicingStartPeriodDate","lastReminderComments","paymentCondition_importId","paymentMode_importId","specificPackage","contractEndDate","fullName","exTaxTotal","shipmentMode_importId","salespersonUser_importId","versionNumber","amountInvoiced","confirmedByUser_importId","advancePaymentNeeded","deliveryState","interco","deliveryComments"
"","","2","ABC NAME
123 MAIN STREET
659874 MAIN CITY
FRANCE","","1","","1","","false","","","0.00","false","","","","false","","","SO0001","","","false","1","0","","","false","148","2","","","","0.00","","false","false","","","false","","","2","0","","false","","","","","false","1000.00","0.00","1.00","","0.00","false","0","","","","false","1001.00","","false","0.00","","","","2023-05-01","0.00","1","","1","","","1","2023-05-01","","","1000.00","","","","false","","","","","0.00","1","","false","1","ABC NAME
123 MAIN STREET
659874 MAIN CITY
FRANCE","","0.00","","","","","","","SO0001-Test Company","1000.00","","1","1","0.00","","false","1","false",""
"","","2","ABC NAME
123 MAIN STREET
659874 MAIN CITY
FRANCE","","1","","2","","false","","","0.00","false","","","","false","","","#2","","","false","1","0","","","false","148","2","","","","0.00","","false","false","","","false","","","1","0","","false","","","","","false","6000.00","0.00","6.00","","0.00","false","0","","","","false","6006.00","","false","0.00","","","","2023-06-12","0.00","1","","1","","","1","2023-06-12","","","6000.00","","","","false","","","","","0.00","1","","false","1","ABC NAME
123 MAIN STREET
659874 MAIN CITY
FRANCE","","0.00","","","","","","","#2-Test Company","6000.00","","1","1","0.00","","false","1","false",""
