"sequenceLettersTypeSelect","codeSelect","monthlyResetOk","prefixe","suffixe","sequenceTypeSelect","company_importId","importId","toBeAdded","padding","processInstanceId","fullName","yearlyResetOk","name"
"UPPERCASE","project","false","PRJ","","NUMBERS","","1","1","5","","","false","Project"
"UPPERCASE","partner","false","P","","NUMBERS","","2","1","4","","PXXXX - Identifier for accounts and contacts","false","Identifier for accounts and contacts"
"UPPERCASE","trackingNumberSeqForClassicServeur","false","F4_%YY_","","NUMBERS","","5","1","4","","F4_%YY_XXXX - Tracking number sequence for classic serveur","true","Tracking number sequence for classic serveur"
"UPPERCASE","trackingNumberSeqForClassicPack","false","F2_%YY_","","NUMBERS","","6","1","4","","F2_%YY_XXXX - Tracking number sequence for classic pack","true","Tracking number sequence for classic pack"
"UPPERCASE","trackingNumberSeqForInkjetPrinter","false","A5_%YY_","","NUMBERS","","7","1","4","","A5_%YY_XXXX - Tracking number sequence for inkjet printer","true","Tracking number sequence for inkjet printer"
"UPPERCASE","intStockMove","false","ISM","","NUMBERS","","8","1","4","","ISMXXXX - Internal stock move N°","false","Internal stock move N°"
"UPPERCASE","outStockMove","false","DO","","NUMBERS","","9","1","4","","DOXXXX - Delivery order N°","false","Delivery order N°"
"UPPERCASE","inStockMove","false","RO","","NUMBERS","","10","1","4","","ROXXXX - Goods receipt order N°","false","Goods receipt order N°"
"UPPERCASE","inventory","false","INV%M%YY","","NUMBERS","","11","1","4","","INV%M%YYXXXX - Inventory N°","false","Inventory N°"
"UPPERCASE","productTrackingNumber","false","TN","","NUMBERS","","12","1","4","","TNXXXX - Tracking N°","false","Tracking N°"
"UPPERCASE","logisticalForm","false","LF","","NUMBERS","","13","1","4","","LFXXXX - Logistical form","false","Logistical form"
"UPPERCASE","accountClearance","false","ACCCLR_%YY_","","NUMBERS","","15","1","4","","ACCCLR_%YY_XXXX - Overpayment clearance","true","Overpayment clearance"
"UPPERCASE","chequeReject","false","CHQREJ_%YY_","","NUMBERS","","16","1","4","","CHQREJ_%YY_XXXX - Cheque reject","true","Cheque reject"
"UPPERCASE","invoice","false","INV_%YY","","NUMBERS","","17","1","4","","INV_%YYXXXX - Customer Invoice","true","Customer Invoice"
"UPPERCASE","invoice","false","REF_%YY","","NUMBERS","","18","1","4","","REF_%YYXXXX - Customer Refund","true","Customer Refund"
"UPPERCASE","invoice","false","SINV_%YY","","NUMBERS","","19","1","4","","SINV_%YYXXXX - Supplier Invoice","true","Supplier Invoice"
"UPPERCASE","invoice","false","SREF_%YY","","NUMBERS","","20","1","4","","SREF_%YYXXXX - Supplier Refund","true","Supplier Refund"
"UPPERCASE","debit","false","DDINV_%YY_","","NUMBERS","","21","1","4","","DDINV_%YY_XXXX - Direct debit (invoice and installments)","true","Direct debit (invoice and installments)"
"UPPERCASE","irrecoverable","false","IRRECOV_%YY_","","NUMBERS","","22","1","4","","IRRECOV_%YY_XXXX - Transfer in irrecoverables","true","Transfer in irrecoverables"
"UPPERCASE","move","false","MVSAL_%YY_","","NUMBERS","","23","1","4","","MVSAL_%YY_XXXX - Sales move line","true","Sales move line"
"UPPERCASE","move","false","MVREF_%YY_","","NUMBERS","","24","1","4","","MVREF_%YY_XXXX - Refund move line","true","Refund move line"
"UPPERCASE","move","false","MVPUR_%YY_","","NUMBERS","","25","1","4","","MVPUR_%YY_XXXX - Purchase move line","true","Purchase move line"
"UPPERCASE","move","false","MVSREF_%YY_","","NUMBERS","","26","1","4","","MVSREF_%YY_XXXX - Purchase refund move line","true","Purchase refund move line"
"UPPERCASE","move","false","MVVIRT_%YY_","","NUMBERS","","27","1","4","","MVVIRT_%YY_XXXX - Virtual move line","true","Virtual move line"
"UPPERCASE","move","false","MVCLR_%YY_","","NUMBERS","","48","1","4","","MVCLR_%YY_XXXX - Clearance Move Live","true","Clearance Move Live"
"UPPERCASE","move","false","MVIRREC_%YY_","","NUMBERS","","49","1","4","","MVIRREC_%YY_XXXX - Irrecovrable Move Line","true","Irrecovrable Move Line"
"UPPERCASE","moveLineExport","false","ACCEXP_%YY_","","NUMBERS","","50","1","4","","ACCEXP_%YY_XXXX - Accounting Export","true","Accounting Export"
"UPPERCASE","moveLineReport","false","ACCREPORT_%YY_","","NUMBERS","","51","1","4","","ACCREPORT_%YY_XXXX - Accounting Report","true","Accounting Report"
"UPPERCASE","paymentSchedule","false","INSTAL_%YY_","","NUMBERS","","52","1","4","","INSTAL_%YY_XXXX - Installment N°","true","Installment N°"
"UPPERCASE","paymentVoucher","false","CSH_IN_ESP_%YY_","","NUMBERS","","53","1","4","","CSH_IN_ESP_%YY_XXXX - N° for payments received in Cash","true","N° for payments received in Cash"
"UPPERCASE","saleOrder","false","SO","","NUMBERS","1","14","1","4","","SOXXXX - Sale order / Customer Order","false","Sale order / Customer Order"
"UPPERCASE","product","false","PR-","","NUMBERS","","3","1","5","","PR-XXXXX - Product","false","Product"
"UPPERCASE","opportunity","false","O","","NUMBERS","1","4","1","4","","OXXXX - Opportunity","false","Opportunity"
"UPPERCASE","move","false","MVCSH_%YY_","","NUMBERS","","28","1","4","","MVCSH_%YY_XXXX - Move line for payments received in Cash","true","Move line for payments received in Cash"
"UPPERCASE","move","false","MVCHQ_%YY_","","NUMBERS","","29","1","4","","MVCHQ_%YY_XXXX - Move line for payments received in Cheque","true","Move line for payments received in Cheque"
"UPPERCASE","move","false","MVCC_%YY_","","NUMBERS","","30","1","4","","MVCC_%YY_XXXX - Move line for payments received in Credit Card","true","Move line for payments received in Credit Card"
"UPPERCASE","move","false","MVWEB_%YY_","","NUMBERS","","31","1","4","","MVWEB_%YY_XXXX - Move line for payments received in Internet","true","Move line for payments received in Internet"
"UPPERCASE","move","false","MVIPO_%YY_","","NUMBERS","","32","1","4","","MVIPO_%YY_XXXX - Move line for payments received in IPO","true","Move line for payments received in IPO"
"UPPERCASE","move","false","MVIPOC_%YY_","","NUMBERS","","33","1","4","","MVIPOC_%YY_XXXX - Move line for payments received in IPOC","true","Move line for payments received in IPOC"
"UPPERCASE","move","false","MVWT_%YY_","","NUMBERS","","34","1","4","","MVWT_%YY_XXXX - Move line for payments received in Wire Transfer","true","Move line for payments received in Wire Transfer"
"UPPERCASE","move","false","MVDD_%YY_","","NUMBERS","","35","1","4","","MVDD_%YY_XXXX - Move line for payments received in Direct Debit (invoice and installments)","true","Move line for payments received in Direct Debit (invoice and installments)"
"UPPERCASE","move","false","MVOTH_%YY_","","NUMBERS","","36","1","4","","MVOTH_%YY_XXXX - Move line for payments received in Other means","true","Move line for payments received in Other means"
"UPPERCASE","move","false","MVREJ_%YY_","","NUMBERS","","37","1","4","","MVREJ_%YY_XXXX - Move line for payments received but rejected by the bank","true","Move line for payments received but rejected by the bank"
"UPPERCASE","move","false","MVCLTRBT_%YY_","","NUMBERS","","38","1","4","","MVCLTRBT_%YY_XXXX - Move line for automatic reimbursement","true","Move line for automatic reimbursement"
"UPPERCASE","move","false","MVCSH_%YY_","","NUMBERS","","39","1","4","","MVCSH_%YY_XXXX - Move line for payments executed by Cash","true","Move line for payments executed by Cash"
"UPPERCASE","move","false","MVCHQ_%YY_","","NUMBERS","","40","1","4","","MVCHQ_%YY_XXXX - Move line for payments executed by Cheque","true","Move line for payments executed by Cheque"
"UPPERCASE","move","false","MVCC_%YY_","","NUMBERS","","41","1","4","","MVCC_%YY_XXXX - Move line for payments executed by Credit Card","true","Move line for payments executed by Credit Card"
"UPPERCASE","move","false","MVIPO_%YY_","","NUMBERS","","42","1","4","","MVIPO_%YY_XXXX - Move line for payments executed by IPO","true","Move line for payments executed by IPO"
"UPPERCASE","move","false","MVWT_%YY_","","NUMBERS","","43","1","4","","MVWT_%YY_XXXX - Move line for payments executed by Wire Transfer","true","Move line for payments executed by Wire Transfer"
"UPPERCASE","move","false","MVDD_%YY_","","NUMBERS","","44","1","4","","MVDD_%YY_XXXX - Move line for payments executed by Direct Debit (invoice and installments)","true","Move line for payments executed by Direct Debit (invoice and installments)"
"UPPERCASE","move","false","MVOTH_%YY_","","NUMBERS","","45","1","4","","MVOTH_%YY_XXXX - Move line for payments executed by Other means","true","Move line for payments executed by Other means"
"UPPERCASE","move","false","MVMISCAUTO_%YY_","","NUMBERS","","46","1","4","","MVMISCAUTO_%YY_XXXX - Miscellaneous Operation Automatic","true","Miscellaneous Operation Automatic"
"UPPERCASE","move","false","MVMISCMANU_%YY_","","NUMBERS","","47","1","4","","MVMISCMANU_%YY_XXXX - Miscellaneous Operation Manual","true","Miscellaneous Operation Manual"
"UPPERCASE","paymentVoucher","false","CSH_IN_CHQ_%YY_","","NUMBERS","","54","1","4","","CSH_IN_CHQ_%YY_XXXX - N° for payments received in Cheque","true","N° for payments received in Cheque"
"UPPERCASE","paymentVoucher","false","CSH_IN_CC_%YY_","","NUMBERS","","55","1","4","","CSH_IN_CC_%YY_XXXX - N° for payments received in Credit Card","true","N° for payments received in Credit Card"
"UPPERCASE","paymentVoucher","false","CSH_IN_WEB_%YY_","","NUMBERS","","56","1","4","","CSH_IN_WEB_%YY_XXXX - N° for payments received through Internet","true","N° for payments received through Internet"
"UPPERCASE","paymentVoucher","false","CSH_IN_TIP_%YY_","","NUMBERS","","57","1","4","","CSH_IN_TIP_%YY_XXXX - N° for payments received in IPO","true","N° for payments received in IPO"
"UPPERCASE","paymentVoucher","false","CSH_IN_TEC_%YY_","","NUMBERS","","58","1","4","","CSH_IN_TEC_%YY_XXXX - N° for payments received in IPOC","true","N° for payments received in IPOC"
"UPPERCASE","paymentVoucher","false","CSH_IN_VIR_%YY_","","NUMBERS","","59","1","4","","CSH_IN_VIR_%YY_XXXX - N° for payments received in Wire Transfer","true","N° for payments received in Wire Transfer"
"UPPERCASE","paymentVoucher","false","CSH_IN_PRE_%YY_","","NUMBERS","","60","1","4","","CSH_IN_PRE_%YY_XXXX - N° for payments received in Direct Debit (invoice and installments)","true","N° for payments received in Direct Debit (invoice and installments)"
"UPPERCASE","paymentVoucher","false","CSH_IN_OTH_%YY_","","NUMBERS","","61","1","4","","CSH_IN_OTH_%YY_XXXX - N° for payments received by other means","true","N° for payments received by other means"
"UPPERCASE","paymentVoucher","false","CSH_OUT_ESP_%YY_","","NUMBERS","","62","1","4","","CSH_OUT_ESP_%YY_XXXX - N° for payments executed by Cash","true","N° for payments executed by Cash"
"UPPERCASE","paymentVoucher","false","CSH_OUT_CHQ_%YY_","","NUMBERS","","63","1","4","","CSH_OUT_CHQ_%YY_XXXX - N° for payments executed by Cheque","true","N° for payments executed by Cheque"
"UPPERCASE","paymentVoucher","false","CSH_OUT_CB_%YY_","","NUMBERS","","64","1","4","","CSH_OUT_CB_%YY_XXXX - N° for payments executed by Credit Card","true","N° for payments executed by Credit Card"
"UPPERCASE","paymentVoucher","false","CSH_OUT_TIP_%YY_","","NUMBERS","","65","1","4","","CSH_OUT_TIP_%YY_XXXX - N° for payments executed by IPO","true","N° for payments executed by IPO"
"UPPERCASE","paymentVoucher","false","CSH_OUT_VIR_%YY_","","NUMBERS","","66","1","4","","CSH_OUT_VIR_%YY_XXXX - N° for payments executed by Wire Transfer","true","N° for payments executed by Wire Transfer"
"UPPERCASE","paymentVoucher","false","CSH_OUT_PRE_%YY_","","NUMBERS","","67","1","4","","CSH_OUT_PRE_%YY_XXXX - N° for payments executed by Direct Debit (invoice and installments)","true","N° for payments executed by Direct Debit (invoice and installments)"
"UPPERCASE","paymentVoucher","false","CSH_OUT_OTH_%YY_","","NUMBERS","","68","1","4","","CSH_OUT_OTH_%YY_XXXX - N° for payments executed by other means","true","N° for payments executed by other means"
"UPPERCASE","paymentVoucherReceiptNo","false","RECPT_%YY_","","NUMBERS","","69","1","4","","RECPT_%YY_XXXX - Voucher Receipt N°","true","Voucher Receipt N°"
"UPPERCASE","purchaseInterface","false","PURINT_%YY_","","NUMBERS","","70","1","4","","PURINT_%YY_XXXX - Purchase interface","true","Purchase interface"
"UPPERCASE","refundInterface","false","REFINT_%YY_","","NUMBERS","","71","1","4","","REFINT_%YY_XXXX - Refund interface","true","Refund interface"
"UPPERCASE","reimbursement","false","REIMB_%YY_","","NUMBERS","","72","1","4","","REIMB_%YY_XXXX - Reimbursement proposals","true","Reimbursement proposals"
"UPPERCASE","saleInterface","false","SALINT_%YY_","","NUMBERS","","73","1","4","","SALINT_%YY_XXXX - Sale interface","true","Sale interface"
"UPPERCASE","treasuryInterface","false","CSHFLWINT_%YY_","","NUMBERS","","74","1","4","","CSHFLWINT_%YY_XXXX - Cash flow interface","true","Cash flow interface"
"UPPERCASE","reconcile","false","RECON_%YY_%M_","","NUMBERS","","75","1","4","","RECON_%YY_%M_XXXX - Account reconcile","true","Account reconcile"
"LOWERCASE","reconcileGroupDraft","false","","","LETTERS","","76","1","4","","XXXX - Draft lettering","false","Draft lettering"
"UPPERCASE","reconcileGroupFinal","false","","","LETTERS","","77","1","4","","XXXX - Final lettering","false","Final lettering"
"UPPERCASE","analyticReport","false","ANAREP_%YY_","","NUMBERS","","78","1","4","","ANAREP_%YY_XXXX - Analytic Report","true","Analytic Report"
"UPPERCASE","depositSlip","false","DS%YY%FM","","NUMBERS","","79","1","4","","DS%YY%FMXXXX - Deposit slip","true","Deposit slip"
"UPPERCASE","subrogationRelease","false","SR%YY%FM","","NUMBERS","","80","1","4","","SR%YY%FMXXXX - Subrogation release","true","Subrogation release"
"UPPERCASE","debitReject","false","REJDD%YY","","NUMBERS","","81","1","4","","REJDD%YYXXXX - Direct debit reject","true","Direct debit reject"
"UPPERCASE","move","false","MVEXP%YY%FM","","NUMBERS","","82","1","4","","MVEXP%YY%FMXXXX - Move line for expense","true","Move line for expense"
"UPPERCASE","move","false","MVRBLA%YY%FM","","NUMBERS","","83","1","4","","MVRBLA%YY%FMXXXX - Move line for reported balance","true","Move line for reported balance"
"UPPERCASE","fixedAsset","false","IMMO%YYYY","","NUMBERS","","84","1","3","","IMMO%YYYYXXX - Fixed assets N°","true","Fixed assets N°"
"UPPERCASE","noteBills","false","NB%YYYY","","NUMBERS","","85","1","3","","NB%YYYYXXX - Note Bills","true","Note Bills"
"UPPERCASE","bankOrder","false","SCT%YY%FM","","NUMBERS","","86","1","4","","SCT%YY%FMXXXX - SEPA Credit Transfers","true","SEPA Credit Transfers"
"UPPERCASE","bankOrder","false","SDD%YY%FM","","NUMBERS","","87","1","4","","SDD%YY%FMXXXX - SEPA Direct Debits","true","SEPA Direct Debits"
"UPPERCASE","bankOrder","false","ICT%YY%FM","","NUMBERS","","88","1","4","","ICT%YY%FMXXXX - International Credit Transfers","true","International Credit Transfers"
"UPPERCASE","bankOrder","false","IDD%YY%FM","","NUMBERS","","89","1","4","","IDD%YY%FMXXXX - International Direct Debits","true","International Direct Debits"
"UPPERCASE","bankOrder","false","ITT%YY%FM","","NUMBERS","","90","1","4","","ITT%YY%FMXXXX - International Treasury Transfers","true","International Treasury Transfers"
"UPPERCASE","bankOrder","false","STT%YY%FM","","NUMBERS","","91","1","4","","STT%YY%FMXXXX - SEPA Treasury Transfers","true","SEPA Treasury Transfers"
"UPPERCASE","bankOrder","false","OBLCR%YY","","NUMBERS","","92","1","4","","OBLCR%YYXXXX - Bill of Exchange","true","Bill of Exchange"
"UPPERCASE","purchaseOrder","false","PO","","NUMBERS","","93","1","4","","POXXXX - RFQ/Quotes for Suppliers","false","RFQ/Quotes for Suppliers"
"UPPERCASE","mrp","false","M","","NUMBERS","","94","1","5","","MXXXXX - MRP","false","MRP"
"UPPERCASE","expense","false","EXP%YY%FM","","NUMBERS","","95","1","4","","EXP%YY%FMXXXX - Expense N°","true","Expense N°"
"UPPERCASE","employmentContract","false","EMPCONTRACT_%YY_","","NUMBERS","","96","1","4","","EMPCONTRACT_%YY_XXXX - Employment Contract","true","Employment Contract"
"UPPERCASE","productionOrder","false","PDO","","NUMBERS","","97","1","4","","PDOXXXX - Production Order N°","false","Production Order N°"
"UPPERCASE","manufOrder","false","MO","","NUMBERS","","98","1","4","","MOXXXX - Manufacturing Order N°","false","Manufacturing Order N°"
"UPPERCASE","rawMaterialRequirement","false","RMR","","NUMBERS","","99","1","4","","RMRXXXX - Raw material requirement","false","Raw material requirement"
"UPPERCASE","forecast","false","PM","","NUMBERS","","101","1","4","","PMXXXX - Forecast","false","Forecast"
"UPPERCASE","jobPosition","false","JOB","","NUMBERS","","102","1","4","","JOBXXXX - Job position","false","Job position"
"UPPERCASE","customerContract","false","C","","NUMBERS","","103","1","4","","CXXXX - Customer Contracts","false","Customer Contracts"
"UPPERCASE","supplierContract","false","S","","NUMBERS","","104","1","4","","SXXXX - Supplier Contracts","false","Supplier Contracts"
"UPPERCASE","qualityAlert","false","QA","","NUMBERS","","105","1","1","","QAX - Quality Alert","false","Quality Alert"
"UPPERCASE","qualityControl","false","QC","","NUMBERS","","106","1","1","","QCX - Quality Control","false","Quality Control"
"UPPERCASE","ticket","false","TKT","","NUMBERS","","107","1","4","","TKTXXXX - Ticket","false","Ticket"
"UPPERCASE","maintenance","false","CM","","NUMBERS","","100","1","5","","AXELP_%YY_XXXX - Estimated liquidity plan","false","Maintenance"
