"signature","subject","language_importId","birtTemplateSet_importId","content","addSignature","toRecipients","mediaTypeSelect","isJson","toMobilePhone","importId","addressBlock","replyToRecipients","metaJsonModel_name","processInstanceId","templateEngineSelect","metaModel_name","target","isSystem","isDefault","bccRecipients","ccRecipients","name"
"","Mise à jour de vos coordonnées","","","<p>Madame, Monsieur,<br/>
Nous sommes actuellement en phase de mise à jour de notre répertoire de contacts.<br/> 
A ce jour voici les informations dont nous disposons : </p>
 
<p>Téléphone fixe : $Partner.fixedPhone$<br/>
Mobile : $Partner.mobilePhone$<br/>
Fax : $Partner.fax$<br/>
Email : $Partner.emailAddress.address$<br/>
Adresse : <br/>
$Partner.mainInvoicingAddress.fullName$<br/></p>

<p>Si parmi les coordonnées ci-dessus, certaines sont erronées ou manquantes, merci de nous le faire savoir en répondant directement à cet email.</p>

<p>Cordialement<br/>
L'équipe Axelor</p>
","false","$Partner.emailAddress.address$","2","false","","1","","","","","1","Partner","","false","true","","","Confirmation coordonnées"
"","Contact details update","","","<p>Dear $Partner.firstName$,<br/>
We are currently proceeding to an update of  our contact database. Can you please confirm the following information about you are up to date :  </p>
 
<p>Fixed phone : $Partner.fixedPhone$<br/>
Mobile : $Partner.mobilePhone$<br/>
Fax : $Partner.fax$<br/>
Email : $Partner.emailAddress.address$<br/>
Address : <br/>
$Partner.mainInvoicingAddress.fullName$</p>

<p>If among those information upwards, some are biased, please do inform us by reply thie email.</p>

<p>Best regards<br/>
Axelor Team</p>","false","$Partner.emailAddress.address$","2","false","","2","","","","","1","Partner","","false","true","","","Contact details confirmation"
"","Changed password / Mot de passe modifié","","","<p>Madame, Monsieur $User.name$,<br/> Votre nouveau mot de passe est&nbsp;: $transientPassword$<br/> Il a été changé le $User.updatedOn$.</p> <p>Cordialement,<br/> L’équipe Axelor</p>
<p>Dear $User.name$,<br/> Your new password is: $transientPassword$<br/> It was changed on $User.updatedOn$.</p> <p>Best regards<br/> Axelor Team</p>","false","$User.email$","2","false","","3","","","","","1","User","","false","true","","","Changed password"
"","Appraisal","1","","<p>Hello</p><p>$Appraisal.employee.name$</p><p>Here is details of your appraisal&nbsp;</p>","false","","2","false","","4","","","","","1","Appraisal","","false","true","","","Appraisal"
