"date","exception","categorySelect","origin","cause","typeSelect","batchId","error","ref","trace","internalUser_importId","importId","processInstanceId","message","name","refId"
"2023-05-01T23:29:32.140","com.axelor.exception.AxelorException: The company Axelor doesn't have any configured sequence for sale orders","4","","","1","0","com.axelor.apps.sale.service.saleorder.SaleOrderWorkflowServiceImpl.getSequence(SaleOrderWorkflowServiceImpl.java:94)","com.axelor.apps.base.db.Company","com.axelor.exception.AxelorException: The company Axelor doesn't have any configured sequence for sale orders
	at com.axelor.apps.sale.service.saleorder.SaleOrderWorkflowServiceImpl.getSequence(SaleOrderWorkflowServiceImpl.java:94)
	at com.axelor.apps.sale.service.saleorder.SaleOrderWorkflowServiceImpl.finalizeQuotation(SaleOrderWorkflowServiceImpl.java:174)
	at com.axelor.apps.supplychain.service.SaleOrderWorkflowServiceSupplychainImpl.finalizeQuotation(SaleOrderWorkflowServiceSupplychainImpl.java:161)
	at com.google.inject.persist.jpa.JpaLocalTxnInterceptor.invoke(JpaLocalTxnInterceptor.java:64)
	at com.axelor.apps.sale.web.SaleOrderController.finalizeQuotation(SaleOrderController.java:217)
	at sun.reflect.NativeMethodAccessorImpl.invoke0(Native Method)
	at sun.reflect.NativeMethodAccessorImpl.invoke(NativeMethodAccessorImpl.java:62)
	at sun.reflect.DelegatingMethodAccessorImpl.invoke(DelegatingMethodAccessorImpl.java:43)
	at java.lang.reflect.Method.invoke(Method.java:498)
	at com.axelor.meta.ActionHandler.call(ActionHandler.java:261)
	at com.axelor.meta.schema.actions.ActionMethod.evaluate(ActionMethod.java:76)
	at com.axelor.meta.schema.actions.Action.execute(Action.java:100)
	at com.axelor.meta.schema.actions.Action.wrap(Action.java:113)
	at com.axelor.meta.schema.actions.ActionGroup.evaluate(ActionGroup.java:231)
	at com.axelor.meta.schema.actions.Action.execute(Action.java:100)
	at com.axelor.meta.schema.actions.Action.wrap(Action.java:113)
	at com.axelor.meta.schema.actions.ActionGroup.evaluate(ActionGroup.java:231)
	at com.axelor.meta.schema.actions.Action.execute(Action.java:96)
	at com.axelor.meta.schema.actions.Action.wrap(Action.java:113)
	at com.axelor.meta.ActionHandler.execute(ActionHandler.java:529)
	at com.axelor.meta.ActionExecutor.execute(ActionExecutor.java:57)
	at com.axelor.rpc.ResponseInterceptor.invoke(ResponseInterceptor.java:58)
	at com.axelor.web.service.ActionService.execute(ActionService.java:107)
	at com.axelor.rpc.RequestFilter.invoke(RequestFilter.java:55)
	at com.axelor.rpc.ResponseInterceptor.invoke(ResponseInterceptor.java:67)
	at sun.reflect.GeneratedMethodAccessor607.invoke(Unknown Source)
	at sun.reflect.DelegatingMethodAccessorImpl.invoke(DelegatingMethodAccessorImpl.java:43)
	at java.lang.reflect.Method.invoke(Method.java:498)
	at org.jboss.resteasy.core.MethodInjectorImpl.invoke(MethodInjectorImpl.java:140)
	at org.jboss.resteasy.core.ResourceMethodInvoker.invokeOnTarget(ResourceMethodInvoker.java:294)
	at org.jboss.resteasy.core.ResourceMethodInvoker.invoke(ResourceMethodInvoker.java:248)
	at org.jboss.resteasy.core.ResourceMethodInvoker.invoke(ResourceMethodInvoker.java:235)
	at org.jboss.resteasy.core.SynchronousDispatcher.invoke(SynchronousDispatcher.java:398)
	at org.jboss.resteasy.core.SynchronousDispatcher.invoke(SynchronousDispatcher.java:205)
	at org.jboss.resteasy.plugins.server.servlet.ServletContainerDispatcher.service(ServletContainerDispatcher.java:228)
	at org.jboss.resteasy.plugins.server.servlet.HttpServletDispatcher.service(HttpServletDispatcher.java:56)
	at org.jboss.resteasy.plugins.server.servlet.HttpServletDispatcher.service(HttpServletDispatcher.java:51)
	at javax.servlet.http.HttpServlet.service(HttpServlet.java:742)
	at org.apache.catalina.core.ApplicationFilterChain.internalDoFilter(ApplicationFilterChain.java:231)
	at org.apache.catalina.core.ApplicationFilterChain.doFilter(ApplicationFilterChain.java:166)
	at org.apache.tomcat.websocket.server.WsFilter.doFilter(WsFilter.java:52)
	at org.apache.catalina.core.ApplicationFilterChain.internalDoFilter(ApplicationFilterChain.java:193)
	at org.apache.catalina.core.ApplicationFilterChain.doFilter(ApplicationFilterChain.java:166)
	at com.google.inject.servlet.FilterChainInvocation.doFilter(FilterChainInvocation.java:89)
	at com.axelor.db.tenants.AbstractTenantFilter.doFilter(AbstractTenantFilter.java:70)
	at com.google.inject.servlet.FilterChainInvocation.doFilter(FilterChainInvocation.java:82)
	at org.apache.shiro.guice.web.SimpleFilterChain.doFilter(SimpleFilterChain.java:44)
	at io.buji.pac4j.filter.SecurityFilter.lambda$doFilter$0(SecurityFilter.java:86)
	at org.pac4j.core.engine.DefaultSecurityLogic.perform(DefaultSecurityLogic.java:140)
	at com.axelor.auth.pac4j.AuthPac4jModule$AxelorSecurityFilter$1.perform(AuthPac4jModule.java:485)
	at com.axelor.auth.pac4j.AuthPac4jModule$AxelorSecurityFilter$1.perform(AuthPac4jModule.java:469)
	at io.buji.pac4j.filter.SecurityFilter.doFilter(SecurityFilter.java:84)
	at org.apache.shiro.guice.web.SimpleFilterChain.doFilter(SimpleFilterChain.java:41)
	at org.apache.shiro.web.servlet.AbstractShiroFilter.executeChain(AbstractShiroFilter.java:449)
	at org.apache.shiro.web.servlet.AbstractShiroFilter$1.call(AbstractShiroFilter.java:365)
	at org.apache.shiro.subject.support.SubjectCallable.doCall(SubjectCallable.java:90)
	at org.apache.shiro.subject.support.SubjectCallable.call(SubjectCallable.java:83)
	at org.apache.shiro.subject.support.DelegatingSubject.execute(DelegatingSubject.java:387)
	at org.apache.shiro.web.servlet.AbstractShiroFilter.doFilterInternal(AbstractShiroFilter.java:362)
	at org.apache.shiro.web.servlet.OncePerRequestFilter.doFilter(OncePerRequestFilter.java:125)
	at com.google.inject.servlet.FilterChainInvocation.doFilter(FilterChainInvocation.java:82)
	at com.axelor.app.internal.AppFilter.doFilter(AppFilter.java:94)
	at com.google.inject.servlet.FilterChainInvocation.doFilter(FilterChainInvocation.java:82)
	at com.google.inject.persist.PersistFilter.doFilter(PersistFilter.java:94)
	at com.google.inject.servlet.FilterChainInvocation.doFilter(FilterChainInvocation.java:82)
	at com.axelor.db.tenants.AbstractTenantFilter.doFilter(AbstractTenantFilter.java:70)
	at com.google.inject.servlet.FilterChainInvocation.doFilter(FilterChainInvocation.java:82)
	at com.axelor.web.servlet.CorsFilter.doFilter(CorsFilter.java:137)
	at com.google.inject.servlet.FilterChainInvocation.doFilter(FilterChainInvocation.java:82)
	at com.google.inject.servlet.ManagedFilterPipeline.dispatch(ManagedFilterPipeline.java:121)
	at com.google.inject.servlet.GuiceFilter.doFilter(GuiceFilter.java:133)
	at org.apache.catalina.core.ApplicationFilterChain.internalDoFilter(ApplicationFilterChain.java:193)
	at org.apache.catalina.core.ApplicationFilterChain.doFilter(ApplicationFilterChain.java:166)
	at org.apache.catalina.core.StandardWrapperValve.invoke(StandardWrapperValve.java:198)
	at org.apache.catalina.core.StandardContextValve.invoke(StandardContextValve.java:96)
	at org.apache.catalina.authenticator.AuthenticatorBase.invoke(AuthenticatorBase.java:493)
	at org.apache.catalina.core.StandardHostValve.invoke(StandardHostValve.java:140)
	at org.apache.catalina.valves.ErrorReportValve.invoke(ErrorReportValve.java:81)
	at org.apache.catalina.valves.AbstractAccessLogValve.invoke(AbstractAccessLogValve.java:650)
	at org.apache.catalina.core.StandardEngineValve.invoke(StandardEngineValve.java:87)
	at org.apache.catalina.connector.CoyoteAdapter.service(CoyoteAdapter.java:342)
	at org.apache.coyote.http11.Http11Processor.service(Http11Processor.java:800)
	at org.apache.coyote.AbstractProcessorLight.process(AbstractProcessorLight.java:66)
	at org.apache.coyote.AbstractProtocol$ConnectionHandler.process(AbstractProtocol.java:806)
	at org.apache.tomcat.util.net.NioEndpoint$SocketProcessor.doRun(NioEndpoint.java:1498)
	at org.apache.tomcat.util.net.SocketProcessorBase.run(SocketProcessorBase.java:49)
	at java.util.concurrent.ThreadPoolExecutor.runWorker(ThreadPoolExecutor.java:1149)
	at java.util.concurrent.ThreadPoolExecutor$Worker.run(ThreadPoolExecutor.java:624)
	at org.apache.tomcat.util.threads.TaskThread$WrappingRunnable.run(TaskThread.java:61)
	at java.lang.Thread.run(Thread.java:748)
","1","1","","The company Axelor doesn't have any configured sequence for sale orders","1 : 2023-05-01T23:29:32.140+05:30[Asia/Kolkata]","1"
"2023-06-08T20:26:25.441","com.axelor.exception.AxelorException: Tax configuration is missing for Product: PR-00005 (company: Axelor)","4","","","1","0","com.axelor.apps.base.service.tax.AccountManagementServiceImpl.getProductTax(AccountManagementServiceImpl.java:194)","","com.axelor.exception.AxelorException: Tax configuration is missing for Product: PR-00005 (company: Axelor)
	at com.axelor.apps.base.service.tax.AccountManagementServiceImpl.getProductTax(AccountManagementServiceImpl.java:194)
	at com.axelor.apps.base.service.tax.AccountManagementServiceImpl.getProductTax(AccountManagementServiceImpl.java:156)
	at com.axelor.apps.base.service.tax.AccountManagementServiceImpl.getTaxLine(AccountManagementServiceImpl.java:254)
	at com.axelor.apps.purchase.service.PurchaseOrderLineServiceImpl.getTaxLine(PurchaseOrderLineServiceImpl.java:422)
	at com.axelor.apps.purchase.service.PurchaseOrderLineServiceImpl.fill(PurchaseOrderLineServiceImpl.java:278)
	at com.axelor.apps.supplychain.service.PurchaseOrderLineServiceSupplychainImpl.fill(PurchaseOrderLineServiceSupplychainImpl.java:65)
	at com.axelor.apps.purchase.web.PurchaseOrderLineController.getProductInformation(PurchaseOrderLineController.java:92)
	at sun.reflect.NativeMethodAccessorImpl.invoke0(Native Method)
	at sun.reflect.NativeMethodAccessorImpl.invoke(NativeMethodAccessorImpl.java:62)
	at sun.reflect.DelegatingMethodAccessorImpl.invoke(DelegatingMethodAccessorImpl.java:43)
	at java.lang.reflect.Method.invoke(Method.java:498)
	at com.axelor.meta.ActionHandler.call(ActionHandler.java:261)
	at com.axelor.meta.schema.actions.ActionMethod.evaluate(ActionMethod.java:76)
	at com.axelor.meta.schema.actions.Action.execute(Action.java:100)
	at com.axelor.meta.schema.actions.Action.wrap(Action.java:113)
	at com.axelor.meta.schema.actions.ActionGroup.evaluate(ActionGroup.java:231)
	at com.axelor.meta.schema.actions.Action.execute(Action.java:100)
	at com.axelor.meta.schema.actions.Action.wrap(Action.java:113)
	at com.axelor.meta.schema.actions.ActionGroup.evaluate(ActionGroup.java:231)
	at com.axelor.meta.schema.actions.Action.execute(Action.java:96)
	at com.axelor.meta.schema.actions.Action.wrap(Action.java:113)
	at com.axelor.meta.ActionHandler.execute(ActionHandler.java:529)
	at com.axelor.meta.ActionExecutor.execute(ActionExecutor.java:57)
	at com.axelor.meta.ActionExecutor$$EnhancerByGuice$$979a82f.CGLIB$execute$4(<generated>)
	at com.axelor.meta.ActionExecutor$$EnhancerByGuice$$979a82f$$FastClassByGuice$$ee6ae436.invoke(<generated>)
	at com.google.inject.internal.cglib.proxy.$MethodProxy.invokeSuper(MethodProxy.java:228)
	at com.google.inject.internal.InterceptorStackCallback$InterceptedMethodInvocation.proceed(InterceptorStackCallback.java:76)
	at com.axelor.rpc.ResponseInterceptor.invoke(ResponseInterceptor.java:58)
	at com.google.inject.internal.InterceptorStackCallback$InterceptedMethodInvocation.proceed(InterceptorStackCallback.java:78)
	at com.google.inject.internal.InterceptorStackCallback.intercept(InterceptorStackCallback.java:54)
	at com.axelor.meta.ActionExecutor$$EnhancerByGuice$$979a82f.execute(<generated>)
	at com.axelor.web.service.ActionService.execute(ActionService.java:107)
	at com.axelor.web.service.ActionService$$EnhancerByGuice$$49874116.CGLIB$execute$2(<generated>)
	at com.axelor.web.service.ActionService$$EnhancerByGuice$$49874116$$FastClassByGuice$$2736749c.invoke(<generated>)
	at com.google.inject.internal.cglib.proxy.$MethodProxy.invokeSuper(MethodProxy.java:228)
	at com.google.inject.internal.InterceptorStackCallback$InterceptedMethodInvocation.proceed(InterceptorStackCallback.java:76)
	at com.axelor.rpc.RequestFilter.invoke(RequestFilter.java:55)
	at com.google.inject.internal.InterceptorStackCallback$InterceptedMethodInvocation.proceed(InterceptorStackCallback.java:78)
	at com.axelor.rpc.ResponseInterceptor.invoke(ResponseInterceptor.java:67)
	at com.google.inject.internal.InterceptorStackCallback$InterceptedMethodInvocation.proceed(InterceptorStackCallback.java:78)
	at com.google.inject.internal.InterceptorStackCallback.intercept(InterceptorStackCallback.java:54)
	at com.axelor.web.service.ActionService$$EnhancerByGuice$$49874116.execute(<generated>)
	at sun.reflect.GeneratedMethodAccessor370.invoke(Unknown Source)
	at sun.reflect.DelegatingMethodAccessorImpl.invoke(DelegatingMethodAccessorImpl.java:43)
	at java.lang.reflect.Method.invoke(Method.java:498)
	at org.jboss.resteasy.core.MethodInjectorImpl.invoke(MethodInjectorImpl.java:140)
	at org.jboss.resteasy.core.ResourceMethodInvoker.invokeOnTarget(ResourceMethodInvoker.java:294)
	at org.jboss.resteasy.core.ResourceMethodInvoker.invoke(ResourceMethodInvoker.java:248)
	at org.jboss.resteasy.core.ResourceMethodInvoker.invoke(ResourceMethodInvoker.java:235)
	at org.jboss.resteasy.core.SynchronousDispatcher.invoke(SynchronousDispatcher.java:398)
	at org.jboss.resteasy.core.SynchronousDispatcher.invoke(SynchronousDispatcher.java:205)
	at org.jboss.resteasy.plugins.server.servlet.ServletContainerDispatcher.service(ServletContainerDispatcher.java:228)
	at org.jboss.resteasy.plugins.server.servlet.HttpServletDispatcher.service(HttpServletDispatcher.java:56)
	at org.jboss.resteasy.plugins.server.servlet.HttpServletDispatcher.service(HttpServletDispatcher.java:51)
	at javax.servlet.http.HttpServlet.service(HttpServlet.java:742)
	at org.apache.catalina.core.ApplicationFilterChain.internalDoFilter(ApplicationFilterChain.java:231)
	at org.apache.catalina.core.ApplicationFilterChain.doFilter(ApplicationFilterChain.java:166)
	at org.apache.tomcat.websocket.server.WsFilter.doFilter(WsFilter.java:52)
	at org.apache.catalina.core.ApplicationFilterChain.internalDoFilter(ApplicationFilterChain.java:193)
	at org.apache.catalina.core.ApplicationFilterChain.doFilter(ApplicationFilterChain.java:166)
	at com.google.inject.servlet.FilterChainInvocation.doFilter(FilterChainInvocation.java:89)
	at com.axelor.db.tenants.AbstractTenantFilter.doFilter(AbstractTenantFilter.java:70)
	at com.google.inject.servlet.FilterChainInvocation.doFilter(FilterChainInvocation.java:82)
	at org.apache.shiro.guice.web.SimpleFilterChain.doFilter(SimpleFilterChain.java:44)
	at io.buji.pac4j.filter.SecurityFilter.lambda$doFilter$0(SecurityFilter.java:86)
	at org.pac4j.core.engine.DefaultSecurityLogic.perform(DefaultSecurityLogic.java:140)
	at com.axelor.auth.pac4j.AuthPac4jModule$AxelorSecurityFilter$1.perform(AuthPac4jModule.java:485)
	at com.axelor.auth.pac4j.AuthPac4jModule$AxelorSecurityFilter$1.perform(AuthPac4jModule.java:469)
	at io.buji.pac4j.filter.SecurityFilter.doFilter(SecurityFilter.java:84)
	at org.apache.shiro.guice.web.SimpleFilterChain.doFilter(SimpleFilterChain.java:41)
	at org.apache.shiro.web.servlet.AbstractShiroFilter.executeChain(AbstractShiroFilter.java:449)
	at org.apache.shiro.web.servlet.AbstractShiroFilter$1.call(AbstractShiroFilter.java:365)
	at org.apache.shiro.subject.support.SubjectCallable.doCall(SubjectCallable.java:90)
	at org.apache.shiro.subject.support.SubjectCallable.call(SubjectCallable.java:83)
	at org.apache.shiro.subject.support.DelegatingSubject.execute(DelegatingSubject.java:387)
	at org.apache.shiro.web.servlet.AbstractShiroFilter.doFilterInternal(AbstractShiroFilter.java:362)
	at org.apache.shiro.web.servlet.OncePerRequestFilter.doFilter(OncePerRequestFilter.java:125)
	at com.google.inject.servlet.FilterChainInvocation.doFilter(FilterChainInvocation.java:82)
	at com.axelor.app.internal.AppFilter.doFilter(AppFilter.java:94)
	at com.google.inject.servlet.FilterChainInvocation.doFilter(FilterChainInvocation.java:82)
	at com.google.inject.persist.PersistFilter.doFilter(PersistFilter.java:94)
	at com.google.inject.servlet.FilterChainInvocation.doFilter(FilterChainInvocation.java:82)
	at com.axelor.db.tenants.AbstractTenantFilter.doFilter(AbstractTenantFilter.java:70)
	at com.google.inject.servlet.FilterChainInvocation.doFilter(FilterChainInvocation.java:82)
	at com.axelor.web.servlet.CorsFilter.doFilter(CorsFilter.java:137)
	at com.google.inject.servlet.FilterChainInvocation.doFilter(FilterChainInvocation.java:82)
	at com.google.inject.servlet.ManagedFilterPipeline.dispatch(ManagedFilterPipeline.java:121)
	at com.google.inject.servlet.GuiceFilter.doFilter(GuiceFilter.java:133)
	at org.apache.catalina.core.ApplicationFilterChain.internalDoFilter(ApplicationFilterChain.java:193)
	at org.apache.catalina.core.ApplicationFilterChain.doFilter(ApplicationFilterChain.java:166)
	at org.apache.catalina.core.StandardWrapperValve.invoke(StandardWrapperValve.java:198)
	at org.apache.catalina.core.StandardContextValve.invoke(StandardContextValve.java:96)
	at org.apache.catalina.authenticator.AuthenticatorBase.invoke(AuthenticatorBase.java:493)
	at org.apache.catalina.core.StandardHostValve.invoke(StandardHostValve.java:140)
	at org.apache.catalina.valves.ErrorReportValve.invoke(ErrorReportValve.java:81)
	at org.apache.catalina.valves.AbstractAccessLogValve.invoke(AbstractAccessLogValve.java:650)
	at org.apache.catalina.core.StandardEngineValve.invoke(StandardEngineValve.java:87)
	at org.apache.catalina.connector.CoyoteAdapter.service(CoyoteAdapter.java:342)
	at org.apache.coyote.http11.Http11Processor.service(Http11Processor.java:800)
	at org.apache.coyote.AbstractProcessorLight.process(AbstractProcessorLight.java:66)
	at org.apache.coyote.AbstractProtocol$ConnectionHandler.process(AbstractProtocol.java:806)
	at org.apache.tomcat.util.net.NioEndpoint$SocketProcessor.doRun(NioEndpoint.java:1498)
	at org.apache.tomcat.util.net.SocketProcessorBase.run(SocketProcessorBase.java:49)
	at java.util.concurrent.ThreadPoolExecutor.runWorker(ThreadPoolExecutor.java:1149)
	at java.util.concurrent.ThreadPoolExecutor$Worker.run(ThreadPoolExecutor.java:624)
	at org.apache.tomcat.util.threads.TaskThread$WrappingRunnable.run(TaskThread.java:61)
	at java.lang.Thread.run(Thread.java:748)
","1","2","","Tax configuration is missing for Product: PR-00005 (company: Axelor)","2 : 2023-06-08T20:26:25.441+05:30[Asia/Kolkata]",""
"2023-06-08T20:26:30.290","com.axelor.exception.AxelorException: Tax configuration is missing for Product: PR0001 (company: Axelor)","4","","","1","0","com.axelor.apps.base.service.tax.AccountManagementServiceImpl.getProductTax(AccountManagementServiceImpl.java:194)","","com.axelor.exception.AxelorException: Tax configuration is missing for Product: PR0001 (company: Axelor)
	at com.axelor.apps.base.service.tax.AccountManagementServiceImpl.getProductTax(AccountManagementServiceImpl.java:194)
	at com.axelor.apps.base.service.tax.AccountManagementServiceImpl.getProductTax(AccountManagementServiceImpl.java:156)
	at com.axelor.apps.base.service.tax.AccountManagementServiceImpl.getTaxLine(AccountManagementServiceImpl.java:254)
	at com.axelor.apps.purchase.service.PurchaseOrderLineServiceImpl.getTaxLine(PurchaseOrderLineServiceImpl.java:422)
	at com.axelor.apps.purchase.service.PurchaseOrderLineServiceImpl.fill(PurchaseOrderLineServiceImpl.java:278)
	at com.axelor.apps.supplychain.service.PurchaseOrderLineServiceSupplychainImpl.fill(PurchaseOrderLineServiceSupplychainImpl.java:65)
	at com.axelor.apps.purchase.web.PurchaseOrderLineController.getProductInformation(PurchaseOrderLineController.java:92)
	at sun.reflect.NativeMethodAccessorImpl.invoke0(Native Method)
	at sun.reflect.NativeMethodAccessorImpl.invoke(NativeMethodAccessorImpl.java:62)
	at sun.reflect.DelegatingMethodAccessorImpl.invoke(DelegatingMethodAccessorImpl.java:43)
	at java.lang.reflect.Method.invoke(Method.java:498)
	at com.axelor.meta.ActionHandler.call(ActionHandler.java:261)
	at com.axelor.meta.schema.actions.ActionMethod.evaluate(ActionMethod.java:76)
	at com.axelor.meta.schema.actions.Action.execute(Action.java:100)
	at com.axelor.meta.schema.actions.Action.wrap(Action.java:113)
	at com.axelor.meta.schema.actions.ActionGroup.evaluate(ActionGroup.java:231)
	at com.axelor.meta.schema.actions.Action.execute(Action.java:100)
	at com.axelor.meta.schema.actions.Action.wrap(Action.java:113)
	at com.axelor.meta.schema.actions.ActionGroup.evaluate(ActionGroup.java:231)
	at com.axelor.meta.schema.actions.Action.execute(Action.java:96)
	at com.axelor.meta.schema.actions.Action.wrap(Action.java:113)
	at com.axelor.meta.ActionHandler.execute(ActionHandler.java:529)
	at com.axelor.meta.ActionExecutor.execute(ActionExecutor.java:57)
	at com.axelor.meta.ActionExecutor$$EnhancerByGuice$$979a82f.CGLIB$execute$4(<generated>)
	at com.axelor.meta.ActionExecutor$$EnhancerByGuice$$979a82f$$FastClassByGuice$$ee6ae436.invoke(<generated>)
	at com.google.inject.internal.cglib.proxy.$MethodProxy.invokeSuper(MethodProxy.java:228)
	at com.google.inject.internal.InterceptorStackCallback$InterceptedMethodInvocation.proceed(InterceptorStackCallback.java:76)
	at com.axelor.rpc.ResponseInterceptor.invoke(ResponseInterceptor.java:58)
	at com.google.inject.internal.InterceptorStackCallback$InterceptedMethodInvocation.proceed(InterceptorStackCallback.java:78)
	at com.google.inject.internal.InterceptorStackCallback.intercept(InterceptorStackCallback.java:54)
	at com.axelor.meta.ActionExecutor$$EnhancerByGuice$$979a82f.execute(<generated>)
	at com.axelor.web.service.ActionService.execute(ActionService.java:107)
	at com.axelor.web.service.ActionService$$EnhancerByGuice$$49874116.CGLIB$execute$2(<generated>)
	at com.axelor.web.service.ActionService$$EnhancerByGuice$$49874116$$FastClassByGuice$$2736749c.invoke(<generated>)
	at com.google.inject.internal.cglib.proxy.$MethodProxy.invokeSuper(MethodProxy.java:228)
	at com.google.inject.internal.InterceptorStackCallback$InterceptedMethodInvocation.proceed(InterceptorStackCallback.java:76)
	at com.axelor.rpc.RequestFilter.invoke(RequestFilter.java:55)
	at com.google.inject.internal.InterceptorStackCallback$InterceptedMethodInvocation.proceed(InterceptorStackCallback.java:78)
	at com.axelor.rpc.ResponseInterceptor.invoke(ResponseInterceptor.java:67)
	at com.google.inject.internal.InterceptorStackCallback$InterceptedMethodInvocation.proceed(InterceptorStackCallback.java:78)
	at com.google.inject.internal.InterceptorStackCallback.intercept(InterceptorStackCallback.java:54)
	at com.axelor.web.service.ActionService$$EnhancerByGuice$$49874116.execute(<generated>)
	at sun.reflect.GeneratedMethodAccessor370.invoke(Unknown Source)
	at sun.reflect.DelegatingMethodAccessorImpl.invoke(DelegatingMethodAccessorImpl.java:43)
	at java.lang.reflect.Method.invoke(Method.java:498)
	at org.jboss.resteasy.core.MethodInjectorImpl.invoke(MethodInjectorImpl.java:140)
	at org.jboss.resteasy.core.ResourceMethodInvoker.invokeOnTarget(ResourceMethodInvoker.java:294)
	at org.jboss.resteasy.core.ResourceMethodInvoker.invoke(ResourceMethodInvoker.java:248)
	at org.jboss.resteasy.core.ResourceMethodInvoker.invoke(ResourceMethodInvoker.java:235)
	at org.jboss.resteasy.core.SynchronousDispatcher.invoke(SynchronousDispatcher.java:398)
	at org.jboss.resteasy.core.SynchronousDispatcher.invoke(SynchronousDispatcher.java:205)
	at org.jboss.resteasy.plugins.server.servlet.ServletContainerDispatcher.service(ServletContainerDispatcher.java:228)
	at org.jboss.resteasy.plugins.server.servlet.HttpServletDispatcher.service(HttpServletDispatcher.java:56)
	at org.jboss.resteasy.plugins.server.servlet.HttpServletDispatcher.service(HttpServletDispatcher.java:51)
	at javax.servlet.http.HttpServlet.service(HttpServlet.java:742)
	at org.apache.catalina.core.ApplicationFilterChain.internalDoFilter(ApplicationFilterChain.java:231)
	at org.apache.catalina.core.ApplicationFilterChain.doFilter(ApplicationFilterChain.java:166)
	at org.apache.tomcat.websocket.server.WsFilter.doFilter(WsFilter.java:52)
	at org.apache.catalina.core.ApplicationFilterChain.internalDoFilter(ApplicationFilterChain.java:193)
	at org.apache.catalina.core.ApplicationFilterChain.doFilter(ApplicationFilterChain.java:166)
	at com.google.inject.servlet.FilterChainInvocation.doFilter(FilterChainInvocation.java:89)
	at com.axelor.db.tenants.AbstractTenantFilter.doFilter(AbstractTenantFilter.java:70)
	at com.google.inject.servlet.FilterChainInvocation.doFilter(FilterChainInvocation.java:82)
	at org.apache.shiro.guice.web.SimpleFilterChain.doFilter(SimpleFilterChain.java:44)
	at io.buji.pac4j.filter.SecurityFilter.lambda$doFilter$0(SecurityFilter.java:86)
	at org.pac4j.core.engine.DefaultSecurityLogic.perform(DefaultSecurityLogic.java:140)
	at com.axelor.auth.pac4j.AuthPac4jModule$AxelorSecurityFilter$1.perform(AuthPac4jModule.java:485)
	at com.axelor.auth.pac4j.AuthPac4jModule$AxelorSecurityFilter$1.perform(AuthPac4jModule.java:469)
	at io.buji.pac4j.filter.SecurityFilter.doFilter(SecurityFilter.java:84)
	at org.apache.shiro.guice.web.SimpleFilterChain.doFilter(SimpleFilterChain.java:41)
	at org.apache.shiro.web.servlet.AbstractShiroFilter.executeChain(AbstractShiroFilter.java:449)
	at org.apache.shiro.web.servlet.AbstractShiroFilter$1.call(AbstractShiroFilter.java:365)
	at org.apache.shiro.subject.support.SubjectCallable.doCall(SubjectCallable.java:90)
	at org.apache.shiro.subject.support.SubjectCallable.call(SubjectCallable.java:83)
	at org.apache.shiro.subject.support.DelegatingSubject.execute(DelegatingSubject.java:387)
	at org.apache.shiro.web.servlet.AbstractShiroFilter.doFilterInternal(AbstractShiroFilter.java:362)
	at org.apache.shiro.web.servlet.OncePerRequestFilter.doFilter(OncePerRequestFilter.java:125)
	at com.google.inject.servlet.FilterChainInvocation.doFilter(FilterChainInvocation.java:82)
	at com.axelor.app.internal.AppFilter.doFilter(AppFilter.java:94)
	at com.google.inject.servlet.FilterChainInvocation.doFilter(FilterChainInvocation.java:82)
	at com.google.inject.persist.PersistFilter.doFilter(PersistFilter.java:94)
	at com.google.inject.servlet.FilterChainInvocation.doFilter(FilterChainInvocation.java:82)
	at com.axelor.db.tenants.AbstractTenantFilter.doFilter(AbstractTenantFilter.java:70)
	at com.google.inject.servlet.FilterChainInvocation.doFilter(FilterChainInvocation.java:82)
	at com.axelor.web.servlet.CorsFilter.doFilter(CorsFilter.java:137)
	at com.google.inject.servlet.FilterChainInvocation.doFilter(FilterChainInvocation.java:82)
	at com.google.inject.servlet.ManagedFilterPipeline.dispatch(ManagedFilterPipeline.java:121)
	at com.google.inject.servlet.GuiceFilter.doFilter(GuiceFilter.java:133)
	at org.apache.catalina.core.ApplicationFilterChain.internalDoFilter(ApplicationFilterChain.java:193)
	at org.apache.catalina.core.ApplicationFilterChain.doFilter(ApplicationFilterChain.java:166)
	at org.apache.catalina.core.StandardWrapperValve.invoke(StandardWrapperValve.java:198)
	at org.apache.catalina.core.StandardContextValve.invoke(StandardContextValve.java:96)
	at org.apache.catalina.authenticator.AuthenticatorBase.invoke(AuthenticatorBase.java:493)
	at org.apache.catalina.core.StandardHostValve.invoke(StandardHostValve.java:140)
	at org.apache.catalina.valves.ErrorReportValve.invoke(ErrorReportValve.java:81)
	at org.apache.catalina.valves.AbstractAccessLogValve.invoke(AbstractAccessLogValve.java:650)
	at org.apache.catalina.core.StandardEngineValve.invoke(StandardEngineValve.java:87)
	at org.apache.catalina.connector.CoyoteAdapter.service(CoyoteAdapter.java:342)
	at org.apache.coyote.http11.Http11Processor.service(Http11Processor.java:800)
	at org.apache.coyote.AbstractProcessorLight.process(AbstractProcessorLight.java:66)
	at org.apache.coyote.AbstractProtocol$ConnectionHandler.process(AbstractProtocol.java:806)
	at org.apache.tomcat.util.net.NioEndpoint$SocketProcessor.doRun(NioEndpoint.java:1498)
	at org.apache.tomcat.util.net.SocketProcessorBase.run(SocketProcessorBase.java:49)
	at java.util.concurrent.ThreadPoolExecutor.runWorker(ThreadPoolExecutor.java:1149)
	at java.util.concurrent.ThreadPoolExecutor$Worker.run(ThreadPoolExecutor.java:624)
	at org.apache.tomcat.util.threads.TaskThread$WrappingRunnable.run(TaskThread.java:61)
	at java.lang.Thread.run(Thread.java:748)
","1","3","","Tax configuration is missing for Product: PR0001 (company: Axelor)","3 : 2023-06-08T20:26:30.290+05:30[Asia/Kolkata]",""
"2023-06-08T20:26:34.447","com.axelor.exception.AxelorException: Tax configuration is missing for Product: PROD 1 (company: Axelor)","4","","","1","0","com.axelor.apps.base.service.tax.AccountManagementServiceImpl.getProductTax(AccountManagementServiceImpl.java:194)","","com.axelor.exception.AxelorException: Tax configuration is missing for Product: PROD 1 (company: Axelor)
	at com.axelor.apps.base.service.tax.AccountManagementServiceImpl.getProductTax(AccountManagementServiceImpl.java:194)
	at com.axelor.apps.base.service.tax.AccountManagementServiceImpl.getProductTax(AccountManagementServiceImpl.java:156)
	at com.axelor.apps.base.service.tax.AccountManagementServiceImpl.getTaxLine(AccountManagementServiceImpl.java:254)
	at com.axelor.apps.purchase.service.PurchaseOrderLineServiceImpl.getTaxLine(PurchaseOrderLineServiceImpl.java:422)
	at com.axelor.apps.purchase.service.PurchaseOrderLineServiceImpl.fill(PurchaseOrderLineServiceImpl.java:278)
	at com.axelor.apps.supplychain.service.PurchaseOrderLineServiceSupplychainImpl.fill(PurchaseOrderLineServiceSupplychainImpl.java:65)
	at com.axelor.apps.purchase.web.PurchaseOrderLineController.getProductInformation(PurchaseOrderLineController.java:92)
	at sun.reflect.NativeMethodAccessorImpl.invoke0(Native Method)
	at sun.reflect.NativeMethodAccessorImpl.invoke(NativeMethodAccessorImpl.java:62)
	at sun.reflect.DelegatingMethodAccessorImpl.invoke(DelegatingMethodAccessorImpl.java:43)
	at java.lang.reflect.Method.invoke(Method.java:498)
	at com.axelor.meta.ActionHandler.call(ActionHandler.java:261)
	at com.axelor.meta.schema.actions.ActionMethod.evaluate(ActionMethod.java:76)
	at com.axelor.meta.schema.actions.Action.execute(Action.java:100)
	at com.axelor.meta.schema.actions.Action.wrap(Action.java:113)
	at com.axelor.meta.schema.actions.ActionGroup.evaluate(ActionGroup.java:231)
	at com.axelor.meta.schema.actions.Action.execute(Action.java:100)
	at com.axelor.meta.schema.actions.Action.wrap(Action.java:113)
	at com.axelor.meta.schema.actions.ActionGroup.evaluate(ActionGroup.java:231)
	at com.axelor.meta.schema.actions.Action.execute(Action.java:96)
	at com.axelor.meta.schema.actions.Action.wrap(Action.java:113)
	at com.axelor.meta.ActionHandler.execute(ActionHandler.java:529)
	at com.axelor.meta.ActionExecutor.execute(ActionExecutor.java:57)
	at com.axelor.meta.ActionExecutor$$EnhancerByGuice$$979a82f.CGLIB$execute$4(<generated>)
	at com.axelor.meta.ActionExecutor$$EnhancerByGuice$$979a82f$$FastClassByGuice$$ee6ae436.invoke(<generated>)
	at com.google.inject.internal.cglib.proxy.$MethodProxy.invokeSuper(MethodProxy.java:228)
	at com.google.inject.internal.InterceptorStackCallback$InterceptedMethodInvocation.proceed(InterceptorStackCallback.java:76)
	at com.axelor.rpc.ResponseInterceptor.invoke(ResponseInterceptor.java:58)
	at com.google.inject.internal.InterceptorStackCallback$InterceptedMethodInvocation.proceed(InterceptorStackCallback.java:78)
	at com.google.inject.internal.InterceptorStackCallback.intercept(InterceptorStackCallback.java:54)
	at com.axelor.meta.ActionExecutor$$EnhancerByGuice$$979a82f.execute(<generated>)
	at com.axelor.web.service.ActionService.execute(ActionService.java:107)
	at com.axelor.web.service.ActionService$$EnhancerByGuice$$49874116.CGLIB$execute$2(<generated>)
	at com.axelor.web.service.ActionService$$EnhancerByGuice$$49874116$$FastClassByGuice$$2736749c.invoke(<generated>)
	at com.google.inject.internal.cglib.proxy.$MethodProxy.invokeSuper(MethodProxy.java:228)
	at com.google.inject.internal.InterceptorStackCallback$InterceptedMethodInvocation.proceed(InterceptorStackCallback.java:76)
	at com.axelor.rpc.RequestFilter.invoke(RequestFilter.java:55)
	at com.google.inject.internal.InterceptorStackCallback$InterceptedMethodInvocation.proceed(InterceptorStackCallback.java:78)
	at com.axelor.rpc.ResponseInterceptor.invoke(ResponseInterceptor.java:67)
	at com.google.inject.internal.InterceptorStackCallback$InterceptedMethodInvocation.proceed(InterceptorStackCallback.java:78)
	at com.google.inject.internal.InterceptorStackCallback.intercept(InterceptorStackCallback.java:54)
	at com.axelor.web.service.ActionService$$EnhancerByGuice$$49874116.execute(<generated>)
	at sun.reflect.GeneratedMethodAccessor370.invoke(Unknown Source)
	at sun.reflect.DelegatingMethodAccessorImpl.invoke(DelegatingMethodAccessorImpl.java:43)
	at java.lang.reflect.Method.invoke(Method.java:498)
	at org.jboss.resteasy.core.MethodInjectorImpl.invoke(MethodInjectorImpl.java:140)
	at org.jboss.resteasy.core.ResourceMethodInvoker.invokeOnTarget(ResourceMethodInvoker.java:294)
	at org.jboss.resteasy.core.ResourceMethodInvoker.invoke(ResourceMethodInvoker.java:248)
	at org.jboss.resteasy.core.ResourceMethodInvoker.invoke(ResourceMethodInvoker.java:235)
	at org.jboss.resteasy.core.SynchronousDispatcher.invoke(SynchronousDispatcher.java:398)
	at org.jboss.resteasy.core.SynchronousDispatcher.invoke(SynchronousDispatcher.java:205)
	at org.jboss.resteasy.plugins.server.servlet.ServletContainerDispatcher.service(ServletContainerDispatcher.java:228)
	at org.jboss.resteasy.plugins.server.servlet.HttpServletDispatcher.service(HttpServletDispatcher.java:56)
	at org.jboss.resteasy.plugins.server.servlet.HttpServletDispatcher.service(HttpServletDispatcher.java:51)
	at javax.servlet.http.HttpServlet.service(HttpServlet.java:742)
	at org.apache.catalina.core.ApplicationFilterChain.internalDoFilter(ApplicationFilterChain.java:231)
	at org.apache.catalina.core.ApplicationFilterChain.doFilter(ApplicationFilterChain.java:166)
	at org.apache.tomcat.websocket.server.WsFilter.doFilter(WsFilter.java:52)
	at org.apache.catalina.core.ApplicationFilterChain.internalDoFilter(ApplicationFilterChain.java:193)
	at org.apache.catalina.core.ApplicationFilterChain.doFilter(ApplicationFilterChain.java:166)
	at com.google.inject.servlet.FilterChainInvocation.doFilter(FilterChainInvocation.java:89)
	at com.axelor.db.tenants.AbstractTenantFilter.doFilter(AbstractTenantFilter.java:70)
	at com.google.inject.servlet.FilterChainInvocation.doFilter(FilterChainInvocation.java:82)
	at org.apache.shiro.guice.web.SimpleFilterChain.doFilter(SimpleFilterChain.java:44)
	at io.buji.pac4j.filter.SecurityFilter.lambda$doFilter$0(SecurityFilter.java:86)
	at org.pac4j.core.engine.DefaultSecurityLogic.perform(DefaultSecurityLogic.java:140)
	at com.axelor.auth.pac4j.AuthPac4jModule$AxelorSecurityFilter$1.perform(AuthPac4jModule.java:485)
	at com.axelor.auth.pac4j.AuthPac4jModule$AxelorSecurityFilter$1.perform(AuthPac4jModule.java:469)
	at io.buji.pac4j.filter.SecurityFilter.doFilter(SecurityFilter.java:84)
	at org.apache.shiro.guice.web.SimpleFilterChain.doFilter(SimpleFilterChain.java:41)
	at org.apache.shiro.web.servlet.AbstractShiroFilter.executeChain(AbstractShiroFilter.java:449)
	at org.apache.shiro.web.servlet.AbstractShiroFilter$1.call(AbstractShiroFilter.java:365)
	at org.apache.shiro.subject.support.SubjectCallable.doCall(SubjectCallable.java:90)
	at org.apache.shiro.subject.support.SubjectCallable.call(SubjectCallable.java:83)
	at org.apache.shiro.subject.support.DelegatingSubject.execute(DelegatingSubject.java:387)
	at org.apache.shiro.web.servlet.AbstractShiroFilter.doFilterInternal(AbstractShiroFilter.java:362)
	at org.apache.shiro.web.servlet.OncePerRequestFilter.doFilter(OncePerRequestFilter.java:125)
	at com.google.inject.servlet.FilterChainInvocation.doFilter(FilterChainInvocation.java:82)
	at com.axelor.app.internal.AppFilter.doFilter(AppFilter.java:94)
	at com.google.inject.servlet.FilterChainInvocation.doFilter(FilterChainInvocation.java:82)
	at com.google.inject.persist.PersistFilter.doFilter(PersistFilter.java:94)
	at com.google.inject.servlet.FilterChainInvocation.doFilter(FilterChainInvocation.java:82)
	at com.axelor.db.tenants.AbstractTenantFilter.doFilter(AbstractTenantFilter.java:70)
	at com.google.inject.servlet.FilterChainInvocation.doFilter(FilterChainInvocation.java:82)
	at com.axelor.web.servlet.CorsFilter.doFilter(CorsFilter.java:137)
	at com.google.inject.servlet.FilterChainInvocation.doFilter(FilterChainInvocation.java:82)
	at com.google.inject.servlet.ManagedFilterPipeline.dispatch(ManagedFilterPipeline.java:121)
	at com.google.inject.servlet.GuiceFilter.doFilter(GuiceFilter.java:133)
	at org.apache.catalina.core.ApplicationFilterChain.internalDoFilter(ApplicationFilterChain.java:193)
	at org.apache.catalina.core.ApplicationFilterChain.doFilter(ApplicationFilterChain.java:166)
	at org.apache.catalina.core.StandardWrapperValve.invoke(StandardWrapperValve.java:198)
	at org.apache.catalina.core.StandardContextValve.invoke(StandardContextValve.java:96)
	at org.apache.catalina.authenticator.AuthenticatorBase.invoke(AuthenticatorBase.java:493)
	at org.apache.catalina.core.StandardHostValve.invoke(StandardHostValve.java:140)
	at org.apache.catalina.valves.ErrorReportValve.invoke(ErrorReportValve.java:81)
	at org.apache.catalina.valves.AbstractAccessLogValve.invoke(AbstractAccessLogValve.java:650)
	at org.apache.catalina.core.StandardEngineValve.invoke(StandardEngineValve.java:87)
	at org.apache.catalina.connector.CoyoteAdapter.service(CoyoteAdapter.java:342)
	at org.apache.coyote.http11.Http11Processor.service(Http11Processor.java:800)
	at org.apache.coyote.AbstractProcessorLight.process(AbstractProcessorLight.java:66)
	at org.apache.coyote.AbstractProtocol$ConnectionHandler.process(AbstractProtocol.java:806)
	at org.apache.tomcat.util.net.NioEndpoint$SocketProcessor.doRun(NioEndpoint.java:1498)
	at org.apache.tomcat.util.net.SocketProcessorBase.run(SocketProcessorBase.java:49)
	at java.util.concurrent.ThreadPoolExecutor.runWorker(ThreadPoolExecutor.java:1149)
	at java.util.concurrent.ThreadPoolExecutor$Worker.run(ThreadPoolExecutor.java:624)
	at org.apache.tomcat.util.threads.TaskThread$WrappingRunnable.run(TaskThread.java:61)
	at java.lang.Thread.run(Thread.java:748)
","1","4","","Tax configuration is missing for Product: PROD 1 (company: Axelor)","4 : 2023-06-08T20:26:34.447+05:30[Asia/Kolkata]",""
"2023-06-08T20:26:46.548","com.axelor.exception.AxelorException: Please fill printing settings on purchase order #1","1","","","1","0","com.axelor.apps.purchase.service.print.PurchaseOrderPrintServiceImpl.prepareReportSettings(PurchaseOrderPrintServiceImpl.java:92)","","com.axelor.exception.AxelorException: Please fill printing settings on purchase order #1
	at com.axelor.apps.purchase.service.print.PurchaseOrderPrintServiceImpl.prepareReportSettings(PurchaseOrderPrintServiceImpl.java:92)
	at com.axelor.apps.purchase.service.print.PurchaseOrderPrintServiceImpl.print(PurchaseOrderPrintServiceImpl.java:85)
	at com.axelor.apps.purchase.service.print.PurchaseOrderPrintServiceImpl.printPurchaseOrder(PurchaseOrderPrintServiceImpl.java:62)
	at com.axelor.apps.purchase.web.PurchaseOrderController.showPurchaseOrder(PurchaseOrderController.java:152)
	at sun.reflect.NativeMethodAccessorImpl.invoke0(Native Method)
	at sun.reflect.NativeMethodAccessorImpl.invoke(NativeMethodAccessorImpl.java:62)
	at sun.reflect.DelegatingMethodAccessorImpl.invoke(DelegatingMethodAccessorImpl.java:43)
	at java.lang.reflect.Method.invoke(Method.java:498)
	at com.axelor.meta.ActionHandler.call(ActionHandler.java:261)
	at com.axelor.meta.schema.actions.ActionMethod.evaluate(ActionMethod.java:76)
	at com.axelor.meta.schema.actions.Action.execute(Action.java:100)
	at com.axelor.meta.schema.actions.Action.wrap(Action.java:113)
	at com.axelor.meta.schema.actions.ActionGroup.evaluate(ActionGroup.java:231)
	at com.axelor.meta.schema.actions.Action.execute(Action.java:96)
	at com.axelor.meta.schema.actions.Action.wrap(Action.java:113)
	at com.axelor.meta.ActionHandler.execute(ActionHandler.java:529)
	at com.axelor.meta.ActionExecutor.execute(ActionExecutor.java:57)
	at com.axelor.meta.ActionExecutor$$EnhancerByGuice$$979a82f.CGLIB$execute$4(<generated>)
	at com.axelor.meta.ActionExecutor$$EnhancerByGuice$$979a82f$$FastClassByGuice$$ee6ae436.invoke(<generated>)
	at com.google.inject.internal.cglib.proxy.$MethodProxy.invokeSuper(MethodProxy.java:228)
	at com.google.inject.internal.InterceptorStackCallback$InterceptedMethodInvocation.proceed(InterceptorStackCallback.java:76)
	at com.axelor.rpc.ResponseInterceptor.invoke(ResponseInterceptor.java:58)
	at com.google.inject.internal.InterceptorStackCallback$InterceptedMethodInvocation.proceed(InterceptorStackCallback.java:78)
	at com.google.inject.internal.InterceptorStackCallback.intercept(InterceptorStackCallback.java:54)
	at com.axelor.meta.ActionExecutor$$EnhancerByGuice$$979a82f.execute(<generated>)
	at com.axelor.web.service.ActionService.execute(ActionService.java:107)
	at com.axelor.web.service.ActionService$$EnhancerByGuice$$49874116.CGLIB$execute$2(<generated>)
	at com.axelor.web.service.ActionService$$EnhancerByGuice$$49874116$$FastClassByGuice$$2736749c.invoke(<generated>)
	at com.google.inject.internal.cglib.proxy.$MethodProxy.invokeSuper(MethodProxy.java:228)
	at com.google.inject.internal.InterceptorStackCallback$InterceptedMethodInvocation.proceed(InterceptorStackCallback.java:76)
	at com.axelor.rpc.RequestFilter.invoke(RequestFilter.java:55)
	at com.google.inject.internal.InterceptorStackCallback$InterceptedMethodInvocation.proceed(InterceptorStackCallback.java:78)
	at com.axelor.rpc.ResponseInterceptor.invoke(ResponseInterceptor.java:67)
	at com.google.inject.internal.InterceptorStackCallback$InterceptedMethodInvocation.proceed(InterceptorStackCallback.java:78)
	at com.google.inject.internal.InterceptorStackCallback.intercept(InterceptorStackCallback.java:54)
	at com.axelor.web.service.ActionService$$EnhancerByGuice$$49874116.execute(<generated>)
	at sun.reflect.GeneratedMethodAccessor370.invoke(Unknown Source)
	at sun.reflect.DelegatingMethodAccessorImpl.invoke(DelegatingMethodAccessorImpl.java:43)
	at java.lang.reflect.Method.invoke(Method.java:498)
	at org.jboss.resteasy.core.MethodInjectorImpl.invoke(MethodInjectorImpl.java:140)
	at org.jboss.resteasy.core.ResourceMethodInvoker.invokeOnTarget(ResourceMethodInvoker.java:294)
	at org.jboss.resteasy.core.ResourceMethodInvoker.invoke(ResourceMethodInvoker.java:248)
	at org.jboss.resteasy.core.ResourceMethodInvoker.invoke(ResourceMethodInvoker.java:235)
	at org.jboss.resteasy.core.SynchronousDispatcher.invoke(SynchronousDispatcher.java:398)
	at org.jboss.resteasy.core.SynchronousDispatcher.invoke(SynchronousDispatcher.java:205)
	at org.jboss.resteasy.plugins.server.servlet.ServletContainerDispatcher.service(ServletContainerDispatcher.java:228)
	at org.jboss.resteasy.plugins.server.servlet.HttpServletDispatcher.service(HttpServletDispatcher.java:56)
	at org.jboss.resteasy.plugins.server.servlet.HttpServletDispatcher.service(HttpServletDispatcher.java:51)
	at javax.servlet.http.HttpServlet.service(HttpServlet.java:742)
	at org.apache.catalina.core.ApplicationFilterChain.internalDoFilter(ApplicationFilterChain.java:231)
	at org.apache.catalina.core.ApplicationFilterChain.doFilter(ApplicationFilterChain.java:166)
	at org.apache.tomcat.websocket.server.WsFilter.doFilter(WsFilter.java:52)
	at org.apache.catalina.core.ApplicationFilterChain.internalDoFilter(ApplicationFilterChain.java:193)
	at org.apache.catalina.core.ApplicationFilterChain.doFilter(ApplicationFilterChain.java:166)
	at com.google.inject.servlet.FilterChainInvocation.doFilter(FilterChainInvocation.java:89)
	at com.axelor.db.tenants.AbstractTenantFilter.doFilter(AbstractTenantFilter.java:70)
	at com.google.inject.servlet.FilterChainInvocation.doFilter(FilterChainInvocation.java:82)
	at org.apache.shiro.guice.web.SimpleFilterChain.doFilter(SimpleFilterChain.java:44)
	at io.buji.pac4j.filter.SecurityFilter.lambda$doFilter$0(SecurityFilter.java:86)
	at org.pac4j.core.engine.DefaultSecurityLogic.perform(DefaultSecurityLogic.java:140)
	at com.axelor.auth.pac4j.AuthPac4jModule$AxelorSecurityFilter$1.perform(AuthPac4jModule.java:485)
	at com.axelor.auth.pac4j.AuthPac4jModule$AxelorSecurityFilter$1.perform(AuthPac4jModule.java:469)
	at io.buji.pac4j.filter.SecurityFilter.doFilter(SecurityFilter.java:84)
	at org.apache.shiro.guice.web.SimpleFilterChain.doFilter(SimpleFilterChain.java:41)
	at org.apache.shiro.web.servlet.AbstractShiroFilter.executeChain(AbstractShiroFilter.java:449)
	at org.apache.shiro.web.servlet.AbstractShiroFilter$1.call(AbstractShiroFilter.java:365)
	at org.apache.shiro.subject.support.SubjectCallable.doCall(SubjectCallable.java:90)
	at org.apache.shiro.subject.support.SubjectCallable.call(SubjectCallable.java:83)
	at org.apache.shiro.subject.support.DelegatingSubject.execute(DelegatingSubject.java:387)
	at org.apache.shiro.web.servlet.AbstractShiroFilter.doFilterInternal(AbstractShiroFilter.java:362)
	at org.apache.shiro.web.servlet.OncePerRequestFilter.doFilter(OncePerRequestFilter.java:125)
	at com.google.inject.servlet.FilterChainInvocation.doFilter(FilterChainInvocation.java:82)
	at com.axelor.app.internal.AppFilter.doFilter(AppFilter.java:94)
	at com.google.inject.servlet.FilterChainInvocation.doFilter(FilterChainInvocation.java:82)
	at com.google.inject.persist.PersistFilter.doFilter(PersistFilter.java:94)
	at com.google.inject.servlet.FilterChainInvocation.doFilter(FilterChainInvocation.java:82)
	at com.axelor.db.tenants.AbstractTenantFilter.doFilter(AbstractTenantFilter.java:70)
	at com.google.inject.servlet.FilterChainInvocation.doFilter(FilterChainInvocation.java:82)
	at com.axelor.web.servlet.CorsFilter.doFilter(CorsFilter.java:137)
	at com.google.inject.servlet.FilterChainInvocation.doFilter(FilterChainInvocation.java:82)
	at com.google.inject.servlet.ManagedFilterPipeline.dispatch(ManagedFilterPipeline.java:121)
	at com.google.inject.servlet.GuiceFilter.doFilter(GuiceFilter.java:133)
	at org.apache.catalina.core.ApplicationFilterChain.internalDoFilter(ApplicationFilterChain.java:193)
	at org.apache.catalina.core.ApplicationFilterChain.doFilter(ApplicationFilterChain.java:166)
	at org.apache.catalina.core.StandardWrapperValve.invoke(StandardWrapperValve.java:198)
	at org.apache.catalina.core.StandardContextValve.invoke(StandardContextValve.java:96)
	at org.apache.catalina.authenticator.AuthenticatorBase.invoke(AuthenticatorBase.java:493)
	at org.apache.catalina.core.StandardHostValve.invoke(StandardHostValve.java:140)
	at org.apache.catalina.valves.ErrorReportValve.invoke(ErrorReportValve.java:81)
	at org.apache.catalina.valves.AbstractAccessLogValve.invoke(AbstractAccessLogValve.java:650)
	at org.apache.catalina.core.StandardEngineValve.invoke(StandardEngineValve.java:87)
	at org.apache.catalina.connector.CoyoteAdapter.service(CoyoteAdapter.java:342)
	at org.apache.coyote.http11.Http11Processor.service(Http11Processor.java:800)
	at org.apache.coyote.AbstractProcessorLight.process(AbstractProcessorLight.java:66)
	at org.apache.coyote.AbstractProtocol$ConnectionHandler.process(AbstractProtocol.java:806)
	at org.apache.tomcat.util.net.NioEndpoint$SocketProcessor.doRun(NioEndpoint.java:1498)
	at org.apache.tomcat.util.net.SocketProcessorBase.run(SocketProcessorBase.java:49)
	at java.util.concurrent.ThreadPoolExecutor.runWorker(ThreadPoolExecutor.java:1149)
	at java.util.concurrent.ThreadPoolExecutor$Worker.run(ThreadPoolExecutor.java:624)
	at org.apache.tomcat.util.threads.TaskThread$WrappingRunnable.run(TaskThread.java:61)
	at java.lang.Thread.run(Thread.java:748)
","1","5","","Please fill printing settings on purchase order #1","5 : 2023-06-08T20:26:46.548+05:30[Asia/Kolkata]",""
"2023-06-08T20:48:06.736","com.axelor.exception.AxelorException: The company Axelor doesn't have any configured sequence for the purchase orders","4","","","1","0","com.axelor.apps.purchase.service.PurchaseOrderServiceImpl.getSequence(PurchaseOrderServiceImpl.java:247)","com.axelor.apps.base.db.Company","com.axelor.exception.AxelorException: The company Axelor doesn't have any configured sequence for the purchase orders
	at com.axelor.apps.purchase.service.PurchaseOrderServiceImpl.getSequence(PurchaseOrderServiceImpl.java:247)
	at com.axelor.apps.purchase.service.PurchaseOrderServiceImpl.requestPurchaseOrder(PurchaseOrderServiceImpl.java:328)
	at com.axelor.apps.supplychain.service.PurchaseOrderServiceSupplychainImpl.requestPurchaseOrder(PurchaseOrderServiceSupplychainImpl.java:344)
	at com.google.inject.persist.jpa.JpaLocalTxnInterceptor.invoke(JpaLocalTxnInterceptor.java:64)
	at com.axelor.apps.purchase.web.PurchaseOrderController.requestPurchaseOrder(PurchaseOrderController.java:171)
	at sun.reflect.NativeMethodAccessorImpl.invoke0(Native Method)
	at sun.reflect.NativeMethodAccessorImpl.invoke(NativeMethodAccessorImpl.java:62)
	at sun.reflect.DelegatingMethodAccessorImpl.invoke(DelegatingMethodAccessorImpl.java:43)
	at java.lang.reflect.Method.invoke(Method.java:498)
	at com.axelor.meta.ActionHandler.call(ActionHandler.java:261)
	at com.axelor.meta.schema.actions.ActionMethod.evaluate(ActionMethod.java:76)
	at com.axelor.meta.schema.actions.Action.execute(Action.java:100)
	at com.axelor.meta.schema.actions.Action.wrap(Action.java:113)
	at com.axelor.meta.schema.actions.ActionGroup.evaluate(ActionGroup.java:231)
	at com.axelor.meta.schema.actions.Action.execute(Action.java:96)
	at com.axelor.meta.schema.actions.Action.wrap(Action.java:113)
	at com.axelor.meta.ActionHandler.execute(ActionHandler.java:529)
	at com.axelor.meta.ActionExecutor.execute(ActionExecutor.java:57)
	at com.axelor.rpc.ResponseInterceptor.invoke(ResponseInterceptor.java:58)
	at com.axelor.web.service.ActionService.execute(ActionService.java:107)
	at com.axelor.rpc.RequestFilter.invoke(RequestFilter.java:55)
	at com.axelor.rpc.ResponseInterceptor.invoke(ResponseInterceptor.java:67)
	at sun.reflect.GeneratedMethodAccessor370.invoke(Unknown Source)
	at sun.reflect.DelegatingMethodAccessorImpl.invoke(DelegatingMethodAccessorImpl.java:43)
	at java.lang.reflect.Method.invoke(Method.java:498)
	at org.jboss.resteasy.core.MethodInjectorImpl.invoke(MethodInjectorImpl.java:140)
	at org.jboss.resteasy.core.ResourceMethodInvoker.invokeOnTarget(ResourceMethodInvoker.java:294)
	at org.jboss.resteasy.core.ResourceMethodInvoker.invoke(ResourceMethodInvoker.java:248)
	at org.jboss.resteasy.core.ResourceMethodInvoker.invoke(ResourceMethodInvoker.java:235)
	at org.jboss.resteasy.core.SynchronousDispatcher.invoke(SynchronousDispatcher.java:398)
	at org.jboss.resteasy.core.SynchronousDispatcher.invoke(SynchronousDispatcher.java:205)
	at org.jboss.resteasy.plugins.server.servlet.ServletContainerDispatcher.service(ServletContainerDispatcher.java:228)
	at org.jboss.resteasy.plugins.server.servlet.HttpServletDispatcher.service(HttpServletDispatcher.java:56)
	at org.jboss.resteasy.plugins.server.servlet.HttpServletDispatcher.service(HttpServletDispatcher.java:51)
	at javax.servlet.http.HttpServlet.service(HttpServlet.java:742)
	at org.apache.catalina.core.ApplicationFilterChain.internalDoFilter(ApplicationFilterChain.java:231)
	at org.apache.catalina.core.ApplicationFilterChain.doFilter(ApplicationFilterChain.java:166)
	at org.apache.tomcat.websocket.server.WsFilter.doFilter(WsFilter.java:52)
	at org.apache.catalina.core.ApplicationFilterChain.internalDoFilter(ApplicationFilterChain.java:193)
	at org.apache.catalina.core.ApplicationFilterChain.doFilter(ApplicationFilterChain.java:166)
	at com.google.inject.servlet.FilterChainInvocation.doFilter(FilterChainInvocation.java:89)
	at com.axelor.db.tenants.AbstractTenantFilter.doFilter(AbstractTenantFilter.java:70)
	at com.google.inject.servlet.FilterChainInvocation.doFilter(FilterChainInvocation.java:82)
	at org.apache.shiro.guice.web.SimpleFilterChain.doFilter(SimpleFilterChain.java:44)
	at io.buji.pac4j.filter.SecurityFilter.lambda$doFilter$0(SecurityFilter.java:86)
	at org.pac4j.core.engine.DefaultSecurityLogic.perform(DefaultSecurityLogic.java:140)
	at com.axelor.auth.pac4j.AuthPac4jModule$AxelorSecurityFilter$1.perform(AuthPac4jModule.java:485)
	at com.axelor.auth.pac4j.AuthPac4jModule$AxelorSecurityFilter$1.perform(AuthPac4jModule.java:469)
	at io.buji.pac4j.filter.SecurityFilter.doFilter(SecurityFilter.java:84)
	at org.apache.shiro.guice.web.SimpleFilterChain.doFilter(SimpleFilterChain.java:41)
	at org.apache.shiro.web.servlet.AbstractShiroFilter.executeChain(AbstractShiroFilter.java:449)
	at org.apache.shiro.web.servlet.AbstractShiroFilter$1.call(AbstractShiroFilter.java:365)
	at org.apache.shiro.subject.support.SubjectCallable.doCall(SubjectCallable.java:90)
	at org.apache.shiro.subject.support.SubjectCallable.call(SubjectCallable.java:83)
	at org.apache.shiro.subject.support.DelegatingSubject.execute(DelegatingSubject.java:387)
	at org.apache.shiro.web.servlet.AbstractShiroFilter.doFilterInternal(AbstractShiroFilter.java:362)
	at org.apache.shiro.web.servlet.OncePerRequestFilter.doFilter(OncePerRequestFilter.java:125)
	at com.google.inject.servlet.FilterChainInvocation.doFilter(FilterChainInvocation.java:82)
	at com.axelor.app.internal.AppFilter.doFilter(AppFilter.java:94)
	at com.google.inject.servlet.FilterChainInvocation.doFilter(FilterChainInvocation.java:82)
	at com.google.inject.persist.PersistFilter.doFilter(PersistFilter.java:94)
	at com.google.inject.servlet.FilterChainInvocation.doFilter(FilterChainInvocation.java:82)
	at com.axelor.db.tenants.AbstractTenantFilter.doFilter(AbstractTenantFilter.java:70)
	at com.google.inject.servlet.FilterChainInvocation.doFilter(FilterChainInvocation.java:82)
	at com.axelor.web.servlet.CorsFilter.doFilter(CorsFilter.java:137)
	at com.google.inject.servlet.FilterChainInvocation.doFilter(FilterChainInvocation.java:82)
	at com.google.inject.servlet.ManagedFilterPipeline.dispatch(ManagedFilterPipeline.java:121)
	at com.google.inject.servlet.GuiceFilter.doFilter(GuiceFilter.java:133)
	at org.apache.catalina.core.ApplicationFilterChain.internalDoFilter(ApplicationFilterChain.java:193)
	at org.apache.catalina.core.ApplicationFilterChain.doFilter(ApplicationFilterChain.java:166)
	at org.apache.catalina.core.StandardWrapperValve.invoke(StandardWrapperValve.java:198)
	at org.apache.catalina.core.StandardContextValve.invoke(StandardContextValve.java:96)
	at org.apache.catalina.authenticator.AuthenticatorBase.invoke(AuthenticatorBase.java:493)
	at org.apache.catalina.core.StandardHostValve.invoke(StandardHostValve.java:140)
	at org.apache.catalina.valves.ErrorReportValve.invoke(ErrorReportValve.java:81)
	at org.apache.catalina.valves.AbstractAccessLogValve.invoke(AbstractAccessLogValve.java:650)
	at org.apache.catalina.core.StandardEngineValve.invoke(StandardEngineValve.java:87)
	at org.apache.catalina.connector.CoyoteAdapter.service(CoyoteAdapter.java:342)
	at org.apache.coyote.http11.Http11Processor.service(Http11Processor.java:800)
	at org.apache.coyote.AbstractProcessorLight.process(AbstractProcessorLight.java:66)
	at org.apache.coyote.AbstractProtocol$ConnectionHandler.process(AbstractProtocol.java:806)
	at org.apache.tomcat.util.net.NioEndpoint$SocketProcessor.doRun(NioEndpoint.java:1498)
	at org.apache.tomcat.util.net.SocketProcessorBase.run(SocketProcessorBase.java:49)
	at java.util.concurrent.ThreadPoolExecutor.runWorker(ThreadPoolExecutor.java:1149)
	at java.util.concurrent.ThreadPoolExecutor$Worker.run(ThreadPoolExecutor.java:624)
	at org.apache.tomcat.util.threads.TaskThread$WrappingRunnable.run(TaskThread.java:61)
	at java.lang.Thread.run(Thread.java:748)
","1","6","","The company Axelor doesn't have any configured sequence for the purchase orders","6 : 2023-06-08T20:48:06.736+05:30[Asia/Kolkata]","1"
"2023-06-12T17:11:46.833","java.lang.RuntimeException: org.eclipse.birt.report.engine.api.EngineException: Error happened while running the report.","0","","org.eclipse.birt.report.engine.api.EngineException: Error happened while running the report.","0","0","com.axelor.apps.base.service.BaseReportGenerator$1.execute(BaseReportGenerator.java:161)","","java.lang.RuntimeException: org.eclipse.birt.report.engine.api.EngineException: Error happened while running the report.
	at com.axelor.apps.base.service.BaseReportGenerator$1.execute(BaseReportGenerator.java:161)
	at com.axelor.db.JPA$1.execute(JPA.java:635)
	at org.hibernate.jdbc.WorkExecutor.executeWork(WorkExecutor.java:37)
	at org.hibernate.internal.SessionImpl$1.accept(SessionImpl.java:2321)
	at org.hibernate.internal.SessionImpl$1.accept(SessionImpl.java:2318)
	at org.hibernate.engine.jdbc.internal.JdbcCoordinatorImpl.coordinateWork(JdbcCoordinatorImpl.java:314)
	at org.hibernate.internal.SessionImpl.doWork(SessionImpl.java:2340)
	at org.hibernate.internal.SessionImpl.doWork(SessionImpl.java:2325)
	at com.axelor.db.JPA.jdbcWork(JPA.java:631)
	at com.axelor.apps.base.service.BaseReportGenerator.generate(BaseReportGenerator.java:152)
	at com.axelor.apps.base.service.BaseReportGenerator.generate(BaseReportGenerator.java:203)
	at com.axelor.apps.report.engine.EmbeddedReportSettings.generate(EmbeddedReportSettings.java:44)
	at com.axelor.apps.report.engine.EmbeddedReportSettings.generate(EmbeddedReportSettings.java:1)
	at com.axelor.apps.sale.service.saleorder.print.SaleOrderPrintServiceImpl.print(SaleOrderPrintServiceImpl.java:84)
	at com.axelor.apps.sale.service.saleorder.print.SaleOrderPrintServiceImpl.printSaleOrder(SaleOrderPrintServiceImpl.java:62)
	at com.axelor.apps.sale.web.SaleOrderController.exportSaleOrder(SaleOrderController.java:180)
	at com.axelor.apps.sale.web.SaleOrderController.showSaleOrder(SaleOrderController.java:129)
	at sun.reflect.NativeMethodAccessorImpl.invoke0(Native Method)
	at sun.reflect.NativeMethodAccessorImpl.invoke(NativeMethodAccessorImpl.java:62)
	at sun.reflect.DelegatingMethodAccessorImpl.invoke(DelegatingMethodAccessorImpl.java:43)
	at java.lang.reflect.Method.invoke(Method.java:498)
	at com.axelor.meta.ActionHandler.call(ActionHandler.java:261)
	at com.axelor.meta.schema.actions.ActionMethod.evaluate(ActionMethod.java:76)
	at com.axelor.meta.schema.actions.Action.execute(Action.java:100)
	at com.axelor.meta.schema.actions.Action.wrap(Action.java:113)
	at com.axelor.meta.schema.actions.ActionGroup.evaluate(ActionGroup.java:231)
	at com.axelor.meta.schema.actions.Action.execute(Action.java:100)
	at com.axelor.meta.schema.actions.Action.wrap(Action.java:113)
	at com.axelor.meta.schema.actions.ActionGroup.evaluate(ActionGroup.java:231)
	at com.axelor.meta.schema.actions.Action.execute(Action.java:96)
	at com.axelor.meta.schema.actions.Action.wrap(Action.java:113)
	at com.axelor.meta.ActionHandler.execute(ActionHandler.java:529)
	at com.axelor.meta.ActionExecutor.execute(ActionExecutor.java:57)
	at com.axelor.meta.ActionExecutor$$EnhancerByGuice$$1bd31491.CGLIB$execute$4(<generated>)
	at com.axelor.meta.ActionExecutor$$EnhancerByGuice$$1bd31491$$FastClassByGuice$$c9692cab.invoke(<generated>)
	at com.google.inject.internal.cglib.proxy.$MethodProxy.invokeSuper(MethodProxy.java:228)
	at com.google.inject.internal.InterceptorStackCallback$InterceptedMethodInvocation.proceed(InterceptorStackCallback.java:76)
	at com.axelor.rpc.ResponseInterceptor.invoke(ResponseInterceptor.java:58)
	at com.google.inject.internal.InterceptorStackCallback$InterceptedMethodInvocation.proceed(InterceptorStackCallback.java:78)
	at com.google.inject.internal.InterceptorStackCallback.intercept(InterceptorStackCallback.java:54)
	at com.axelor.meta.ActionExecutor$$EnhancerByGuice$$1bd31491.execute(<generated>)
	at com.axelor.web.service.ActionService.execute(ActionService.java:107)
	at com.axelor.web.service.ActionService$$EnhancerByGuice$$49874116.CGLIB$execute$2(<generated>)
	at com.axelor.web.service.ActionService$$EnhancerByGuice$$49874116$$FastClassByGuice$$2736749c.invoke(<generated>)
	at com.google.inject.internal.cglib.proxy.$MethodProxy.invokeSuper(MethodProxy.java:228)
	at com.google.inject.internal.InterceptorStackCallback$InterceptedMethodInvocation.proceed(InterceptorStackCallback.java:76)
	at com.axelor.rpc.RequestFilter.invoke(RequestFilter.java:55)
	at com.google.inject.internal.InterceptorStackCallback$InterceptedMethodInvocation.proceed(InterceptorStackCallback.java:78)
	at com.axelor.rpc.ResponseInterceptor.invoke(ResponseInterceptor.java:67)
	at com.google.inject.internal.InterceptorStackCallback$InterceptedMethodInvocation.proceed(InterceptorStackCallback.java:78)
	at com.google.inject.internal.InterceptorStackCallback.intercept(InterceptorStackCallback.java:54)
	at com.axelor.web.service.ActionService$$EnhancerByGuice$$49874116.execute(<generated>)
	at sun.reflect.GeneratedMethodAccessor332.invoke(Unknown Source)
	at sun.reflect.DelegatingMethodAccessorImpl.invoke(DelegatingMethodAccessorImpl.java:43)
	at java.lang.reflect.Method.invoke(Method.java:498)
	at org.jboss.resteasy.core.MethodInjectorImpl.invoke(MethodInjectorImpl.java:140)
	at org.jboss.resteasy.core.ResourceMethodInvoker.invokeOnTarget(ResourceMethodInvoker.java:294)
	at org.jboss.resteasy.core.ResourceMethodInvoker.invoke(ResourceMethodInvoker.java:248)
	at org.jboss.resteasy.core.ResourceMethodInvoker.invoke(ResourceMethodInvoker.java:235)
	at org.jboss.resteasy.core.SynchronousDispatcher.invoke(SynchronousDispatcher.java:398)
	at org.jboss.resteasy.core.SynchronousDispatcher.invoke(SynchronousDispatcher.java:205)
	at org.jboss.resteasy.plugins.server.servlet.ServletContainerDispatcher.service(ServletContainerDispatcher.java:228)
	at org.jboss.resteasy.plugins.server.servlet.HttpServletDispatcher.service(HttpServletDispatcher.java:56)
	at org.jboss.resteasy.plugins.server.servlet.HttpServletDispatcher.service(HttpServletDispatcher.java:51)
	at javax.servlet.http.HttpServlet.service(HttpServlet.java:742)
	at org.apache.catalina.core.ApplicationFilterChain.internalDoFilter(ApplicationFilterChain.java:231)
	at org.apache.catalina.core.ApplicationFilterChain.doFilter(ApplicationFilterChain.java:166)
	at org.apache.tomcat.websocket.server.WsFilter.doFilter(WsFilter.java:52)
	at org.apache.catalina.core.ApplicationFilterChain.internalDoFilter(ApplicationFilterChain.java:193)
	at org.apache.catalina.core.ApplicationFilterChain.doFilter(ApplicationFilterChain.java:166)
	at com.google.inject.servlet.FilterChainInvocation.doFilter(FilterChainInvocation.java:89)
	at com.axelor.db.tenants.AbstractTenantFilter.doFilter(AbstractTenantFilter.java:70)
	at com.google.inject.servlet.FilterChainInvocation.doFilter(FilterChainInvocation.java:82)
	at org.apache.shiro.guice.web.SimpleFilterChain.doFilter(SimpleFilterChain.java:44)
	at io.buji.pac4j.filter.SecurityFilter.lambda$doFilter$0(SecurityFilter.java:86)
	at org.pac4j.core.engine.DefaultSecurityLogic.perform(DefaultSecurityLogic.java:140)
	at com.axelor.auth.pac4j.AuthPac4jModule$AxelorSecurityFilter$1.perform(AuthPac4jModule.java:485)
	at com.axelor.auth.pac4j.AuthPac4jModule$AxelorSecurityFilter$1.perform(AuthPac4jModule.java:469)
	at io.buji.pac4j.filter.SecurityFilter.doFilter(SecurityFilter.java:84)
	at org.apache.shiro.guice.web.SimpleFilterChain.doFilter(SimpleFilterChain.java:41)
	at org.apache.shiro.web.servlet.AbstractShiroFilter.executeChain(AbstractShiroFilter.java:449)
	at org.apache.shiro.web.servlet.AbstractShiroFilter$1.call(AbstractShiroFilter.java:365)
	at org.apache.shiro.subject.support.SubjectCallable.doCall(SubjectCallable.java:90)
	at org.apache.shiro.subject.support.SubjectCallable.call(SubjectCallable.java:83)
	at org.apache.shiro.subject.support.DelegatingSubject.execute(DelegatingSubject.java:387)
	at org.apache.shiro.web.servlet.AbstractShiroFilter.doFilterInternal(AbstractShiroFilter.java:362)
	at org.apache.shiro.web.servlet.OncePerRequestFilter.doFilter(OncePerRequestFilter.java:125)
	at com.google.inject.servlet.FilterChainInvocation.doFilter(FilterChainInvocation.java:82)
	at com.axelor.app.internal.AppFilter.doFilter(AppFilter.java:94)
	at com.google.inject.servlet.FilterChainInvocation.doFilter(FilterChainInvocation.java:82)
	at com.google.inject.persist.PersistFilter.doFilter(PersistFilter.java:94)
	at com.google.inject.servlet.FilterChainInvocation.doFilter(FilterChainInvocation.java:82)
	at com.axelor.db.tenants.AbstractTenantFilter.doFilter(AbstractTenantFilter.java:70)
	at com.google.inject.servlet.FilterChainInvocation.doFilter(FilterChainInvocation.java:82)
	at com.axelor.web.servlet.CorsFilter.doFilter(CorsFilter.java:137)
	at com.google.inject.servlet.FilterChainInvocation.doFilter(FilterChainInvocation.java:82)
	at com.google.inject.servlet.ManagedFilterPipeline.dispatch(ManagedFilterPipeline.java:121)
	at com.google.inject.servlet.GuiceFilter.doFilter(GuiceFilter.java:133)
	at org.apache.catalina.core.ApplicationFilterChain.internalDoFilter(ApplicationFilterChain.java:193)
	at org.apache.catalina.core.ApplicationFilterChain.doFilter(ApplicationFilterChain.java:166)
	at org.apache.catalina.core.StandardWrapperValve.invoke(StandardWrapperValve.java:198)
	at org.apache.catalina.core.StandardContextValve.invoke(StandardContextValve.java:96)
	at org.apache.catalina.authenticator.AuthenticatorBase.invoke(AuthenticatorBase.java:493)
	at org.apache.catalina.core.StandardHostValve.invoke(StandardHostValve.java:140)
	at org.apache.catalina.valves.ErrorReportValve.invoke(ErrorReportValve.java:81)
	at org.apache.catalina.valves.AbstractAccessLogValve.invoke(AbstractAccessLogValve.java:650)
	at org.apache.catalina.core.StandardEngineValve.invoke(StandardEngineValve.java:87)
	at org.apache.catalina.connector.CoyoteAdapter.service(CoyoteAdapter.java:342)
	at org.apache.coyote.http11.Http11Processor.service(Http11Processor.java:800)
	at org.apache.coyote.AbstractProcessorLight.process(AbstractProcessorLight.java:66)
	at org.apache.coyote.AbstractProtocol$ConnectionHandler.process(AbstractProtocol.java:806)
	at org.apache.tomcat.util.net.NioEndpoint$SocketProcessor.doRun(NioEndpoint.java:1498)
	at org.apache.tomcat.util.net.SocketProcessorBase.run(SocketProcessorBase.java:49)
	at java.util.concurrent.ThreadPoolExecutor.runWorker(ThreadPoolExecutor.java:1149)
	at java.util.concurrent.ThreadPoolExecutor$Worker.run(ThreadPoolExecutor.java:624)
	at org.apache.tomcat.util.threads.TaskThread$WrappingRunnable.run(TaskThread.java:61)
	at java.lang.Thread.run(Thread.java:748)
Caused by: org.eclipse.birt.report.engine.api.EngineException: Error happened while running the report.
	at org.eclipse.birt.report.engine.api.impl.EngineTask.handleFatalExceptions(EngineTask.java:2363)
	at org.eclipse.birt.report.engine.api.impl.RunAndRenderTask.doRun(RunAndRenderTask.java:191)
	at org.eclipse.birt.report.engine.api.impl.RunAndRenderTask.run(RunAndRenderTask.java:77)
	at com.axelor.apps.base.service.BaseReportGenerator$1.execute(BaseReportGenerator.java:159)
	... 116 more
Caused by: org.mozilla.javascript.EvaluatorException: invalid return (<inline>#2)
	at org.mozilla.javascript.DefaultErrorReporter.runtimeError(DefaultErrorReporter.java:109)
	at org.mozilla.javascript.DefaultErrorReporter.error(DefaultErrorReporter.java:96)
	at org.mozilla.javascript.Parser.addError(Parser.java:146)
	at org.mozilla.javascript.Parser.reportError(Parser.java:160)
	at org.mozilla.javascript.Parser.returnOrYield(Parser.java:1292)
	at org.mozilla.javascript.Parser.statementHelper(Parser.java:1127)
	at org.mozilla.javascript.Parser.statement(Parser.java:707)
	at org.mozilla.javascript.Parser.statements(Parser.java:655)
	at org.mozilla.javascript.Parser.statementHelper(Parser.java:1145)
	at org.mozilla.javascript.Parser.statement(Parser.java:707)
	at org.mozilla.javascript.Parser.statementHelper(Parser.java:745)
	at org.mozilla.javascript.Parser.statement(Parser.java:707)
	at org.mozilla.javascript.Parser.parse(Parser.java:401)
	at org.mozilla.javascript.Parser.parse(Parser.java:338)
	at org.mozilla.javascript.Context.compileImpl(Context.java:2368)
	at org.mozilla.javascript.Context.compileString(Context.java:1359)
	at org.mozilla.javascript.Context.compileString(Context.java:1348)
	at org.eclipse.birt.report.engine.javascript.JavascriptEngine$3.run(JavascriptEngine.java:240)
	at org.eclipse.birt.report.engine.javascript.JavascriptEngine$3.run(JavascriptEngine.java:1)
	at java.security.AccessController.doPrivileged(Native Method)
	at org.eclipse.birt.report.engine.javascript.JavascriptEngine.compile(JavascriptEngine.java:236)
	at org.eclipse.birt.report.engine.javascript.JavascriptEngine.compile(JavascriptEngine.java:1)
	at org.eclipse.birt.core.script.ScriptContext.compile(ScriptContext.java:153)
	at org.eclipse.birt.report.engine.executor.ExecutionContext.compile(ExecutionContext.java:779)
	at org.eclipse.birt.report.engine.executor.ExecutionContext.evaluate(ExecutionContext.java:713)
	at org.eclipse.birt.report.engine.executor.ReportItemExecutor.evaluateBoolean(ReportItemExecutor.java:325)
	at org.eclipse.birt.report.engine.executor.ReportItemExecutor.processVisibility(ReportItemExecutor.java:532)
	at org.eclipse.birt.report.engine.executor.LabelItemExecutor.execute(LabelItemExecutor.java:66)
	at org.eclipse.birt.report.engine.executor.ReportExecutorUtil.executeAll(ReportExecutorUtil.java:87)
	at org.eclipse.birt.report.engine.executor.ReportExecutorUtil.executeAll(ReportExecutorUtil.java:92)
	at org.eclipse.birt.report.engine.executor.ReportExecutorUtil.executeAll(ReportExecutorUtil.java:92)
	at org.eclipse.birt.report.engine.executor.ReportExecutorUtil.executeAll(ReportExecutorUtil.java:92)
	at org.eclipse.birt.report.engine.executor.ReportExecutorUtil.executeAll(ReportExecutorUtil.java:92)
	at org.eclipse.birt.report.engine.executor.ReportExecutorUtil.executeAll(ReportExecutorUtil.java:92)
	at org.eclipse.birt.report.engine.executor.ReportExecutorUtil.executeAll(ReportExecutorUtil.java:92)
	at org.eclipse.birt.report.engine.executor.ReportExecutorUtil.executeAll(ReportExecutorUtil.java:92)
	at org.eclipse.birt.report.engine.executor.ReportExecutor.createPageExecutor(ReportExecutor.java:229)
	at org.eclipse.birt.report.engine.internal.executor.dup.SuppressDuplciateReportExecutor.createPageExecutor(SuppressDuplciateReportExecutor.java:61)
	at org.eclipse.birt.report.engine.internal.executor.wrap.WrappedReportExecutor.createPageExecutor(WrappedReportExecutor.java:49)
	at org.eclipse.birt.report.engine.executor.ReportExecutorUtil.executeMasterPage(ReportExecutorUtil.java:63)
	at org.eclipse.birt.report.engine.layout.html.HTMLPageLM.start(HTMLPageLM.java:147)
	at org.eclipse.birt.report.engine.layout.html.HTMLPageLM.layout(HTMLPageLM.java:91)
	at org.eclipse.birt.report.engine.layout.html.HTMLReportLayoutEngine.layout(HTMLReportLayoutEngine.java:100)
	at org.eclipse.birt.report.engine.api.impl.RunAndRenderTask.doRun(RunAndRenderTask.java:181)
	... 118 more
","1","7","","org.eclipse.birt.report.engine.api.EngineException: Error happened while running the report.","7 : 2023-06-12T17:11:46.833+05:30[Asia/Kolkata]",""
"2023-06-12T22:43:01.404","com.axelor.exception.AxelorException: Please fill printing settings on purchase order #2","1","","","1","0","com.axelor.apps.purchase.service.print.PurchaseOrderPrintServiceImpl.prepareReportSettings(PurchaseOrderPrintServiceImpl.java:92)","","com.axelor.exception.AxelorException: Please fill printing settings on purchase order #2
	at com.axelor.apps.purchase.service.print.PurchaseOrderPrintServiceImpl.prepareReportSettings(PurchaseOrderPrintServiceImpl.java:92)
	at com.axelor.apps.purchase.service.print.PurchaseOrderPrintServiceImpl.print(PurchaseOrderPrintServiceImpl.java:85)
	at com.axelor.apps.purchase.service.print.PurchaseOrderPrintServiceImpl.printPurchaseOrder(PurchaseOrderPrintServiceImpl.java:62)
	at com.axelor.apps.purchase.web.PurchaseOrderController.showPurchaseOrder(PurchaseOrderController.java:152)
	at sun.reflect.NativeMethodAccessorImpl.invoke0(Native Method)
	at sun.reflect.NativeMethodAccessorImpl.invoke(NativeMethodAccessorImpl.java:62)
	at sun.reflect.DelegatingMethodAccessorImpl.invoke(DelegatingMethodAccessorImpl.java:43)
	at java.lang.reflect.Method.invoke(Method.java:498)
	at com.axelor.meta.ActionHandler.call(ActionHandler.java:261)
	at com.axelor.meta.schema.actions.ActionMethod.evaluate(ActionMethod.java:76)
	at com.axelor.meta.schema.actions.Action.execute(Action.java:100)
	at com.axelor.meta.schema.actions.Action.wrap(Action.java:113)
	at com.axelor.meta.schema.actions.ActionGroup.evaluate(ActionGroup.java:231)
	at com.axelor.meta.schema.actions.Action.execute(Action.java:96)
	at com.axelor.meta.schema.actions.Action.wrap(Action.java:113)
	at com.axelor.meta.ActionHandler.execute(ActionHandler.java:529)
	at com.axelor.meta.ActionExecutor.execute(ActionExecutor.java:57)
	at com.axelor.meta.ActionExecutor$$EnhancerByGuice$$1bd31491.CGLIB$execute$4(<generated>)
	at com.axelor.meta.ActionExecutor$$EnhancerByGuice$$1bd31491$$FastClassByGuice$$c9692cab.invoke(<generated>)
	at com.google.inject.internal.cglib.proxy.$MethodProxy.invokeSuper(MethodProxy.java:228)
	at com.google.inject.internal.InterceptorStackCallback$InterceptedMethodInvocation.proceed(InterceptorStackCallback.java:76)
	at com.axelor.rpc.ResponseInterceptor.invoke(ResponseInterceptor.java:58)
	at com.google.inject.internal.InterceptorStackCallback$InterceptedMethodInvocation.proceed(InterceptorStackCallback.java:78)
	at com.google.inject.internal.InterceptorStackCallback.intercept(InterceptorStackCallback.java:54)
	at com.axelor.meta.ActionExecutor$$EnhancerByGuice$$1bd31491.execute(<generated>)
	at com.axelor.web.service.ActionService.execute(ActionService.java:107)
	at com.axelor.web.service.ActionService$$EnhancerByGuice$$49874116.CGLIB$execute$2(<generated>)
	at com.axelor.web.service.ActionService$$EnhancerByGuice$$49874116$$FastClassByGuice$$2736749c.invoke(<generated>)
	at com.google.inject.internal.cglib.proxy.$MethodProxy.invokeSuper(MethodProxy.java:228)
	at com.google.inject.internal.InterceptorStackCallback$InterceptedMethodInvocation.proceed(InterceptorStackCallback.java:76)
	at com.axelor.rpc.RequestFilter.invoke(RequestFilter.java:55)
	at com.google.inject.internal.InterceptorStackCallback$InterceptedMethodInvocation.proceed(InterceptorStackCallback.java:78)
	at com.axelor.rpc.ResponseInterceptor.invoke(ResponseInterceptor.java:67)
	at com.google.inject.internal.InterceptorStackCallback$InterceptedMethodInvocation.proceed(InterceptorStackCallback.java:78)
	at com.google.inject.internal.InterceptorStackCallback.intercept(InterceptorStackCallback.java:54)
	at com.axelor.web.service.ActionService$$EnhancerByGuice$$49874116.execute(<generated>)
	at sun.reflect.GeneratedMethodAccessor543.invoke(Unknown Source)
	at sun.reflect.DelegatingMethodAccessorImpl.invoke(DelegatingMethodAccessorImpl.java:43)
	at java.lang.reflect.Method.invoke(Method.java:498)
	at org.jboss.resteasy.core.MethodInjectorImpl.invoke(MethodInjectorImpl.java:140)
	at org.jboss.resteasy.core.ResourceMethodInvoker.invokeOnTarget(ResourceMethodInvoker.java:294)
	at org.jboss.resteasy.core.ResourceMethodInvoker.invoke(ResourceMethodInvoker.java:248)
	at org.jboss.resteasy.core.ResourceMethodInvoker.invoke(ResourceMethodInvoker.java:235)
	at org.jboss.resteasy.core.SynchronousDispatcher.invoke(SynchronousDispatcher.java:398)
	at org.jboss.resteasy.core.SynchronousDispatcher.invoke(SynchronousDispatcher.java:205)
	at org.jboss.resteasy.plugins.server.servlet.ServletContainerDispatcher.service(ServletContainerDispatcher.java:228)
	at org.jboss.resteasy.plugins.server.servlet.HttpServletDispatcher.service(HttpServletDispatcher.java:56)
	at org.jboss.resteasy.plugins.server.servlet.HttpServletDispatcher.service(HttpServletDispatcher.java:51)
	at javax.servlet.http.HttpServlet.service(HttpServlet.java:742)
	at org.apache.catalina.core.ApplicationFilterChain.internalDoFilter(ApplicationFilterChain.java:231)
	at org.apache.catalina.core.ApplicationFilterChain.doFilter(ApplicationFilterChain.java:166)
	at org.apache.tomcat.websocket.server.WsFilter.doFilter(WsFilter.java:52)
	at org.apache.catalina.core.ApplicationFilterChain.internalDoFilter(ApplicationFilterChain.java:193)
	at org.apache.catalina.core.ApplicationFilterChain.doFilter(ApplicationFilterChain.java:166)
	at com.google.inject.servlet.FilterChainInvocation.doFilter(FilterChainInvocation.java:89)
	at com.axelor.db.tenants.AbstractTenantFilter.doFilter(AbstractTenantFilter.java:70)
	at com.google.inject.servlet.FilterChainInvocation.doFilter(FilterChainInvocation.java:82)
	at org.apache.shiro.guice.web.SimpleFilterChain.doFilter(SimpleFilterChain.java:44)
	at io.buji.pac4j.filter.SecurityFilter.lambda$doFilter$0(SecurityFilter.java:86)
	at org.pac4j.core.engine.DefaultSecurityLogic.perform(DefaultSecurityLogic.java:140)
	at com.axelor.auth.pac4j.AuthPac4jModule$AxelorSecurityFilter$1.perform(AuthPac4jModule.java:485)
	at com.axelor.auth.pac4j.AuthPac4jModule$AxelorSecurityFilter$1.perform(AuthPac4jModule.java:469)
	at io.buji.pac4j.filter.SecurityFilter.doFilter(SecurityFilter.java:84)
	at org.apache.shiro.guice.web.SimpleFilterChain.doFilter(SimpleFilterChain.java:41)
	at org.apache.shiro.web.servlet.AbstractShiroFilter.executeChain(AbstractShiroFilter.java:449)
	at org.apache.shiro.web.servlet.AbstractShiroFilter$1.call(AbstractShiroFilter.java:365)
	at org.apache.shiro.subject.support.SubjectCallable.doCall(SubjectCallable.java:90)
	at org.apache.shiro.subject.support.SubjectCallable.call(SubjectCallable.java:83)
	at org.apache.shiro.subject.support.DelegatingSubject.execute(DelegatingSubject.java:387)
	at org.apache.shiro.web.servlet.AbstractShiroFilter.doFilterInternal(AbstractShiroFilter.java:362)
	at org.apache.shiro.web.servlet.OncePerRequestFilter.doFilter(OncePerRequestFilter.java:125)
	at com.google.inject.servlet.FilterChainInvocation.doFilter(FilterChainInvocation.java:82)
	at com.axelor.app.internal.AppFilter.doFilter(AppFilter.java:94)
	at com.google.inject.servlet.FilterChainInvocation.doFilter(FilterChainInvocation.java:82)
	at com.google.inject.persist.PersistFilter.doFilter(PersistFilter.java:94)
	at com.google.inject.servlet.FilterChainInvocation.doFilter(FilterChainInvocation.java:82)
	at com.axelor.db.tenants.AbstractTenantFilter.doFilter(AbstractTenantFilter.java:70)
	at com.google.inject.servlet.FilterChainInvocation.doFilter(FilterChainInvocation.java:82)
	at com.axelor.web.servlet.CorsFilter.doFilter(CorsFilter.java:137)
	at com.google.inject.servlet.FilterChainInvocation.doFilter(FilterChainInvocation.java:82)
	at com.google.inject.servlet.ManagedFilterPipeline.dispatch(ManagedFilterPipeline.java:121)
	at com.google.inject.servlet.GuiceFilter.doFilter(GuiceFilter.java:133)
	at org.apache.catalina.core.ApplicationFilterChain.internalDoFilter(ApplicationFilterChain.java:193)
	at org.apache.catalina.core.ApplicationFilterChain.doFilter(ApplicationFilterChain.java:166)
	at org.apache.catalina.core.StandardWrapperValve.invoke(StandardWrapperValve.java:198)
	at org.apache.catalina.core.StandardContextValve.invoke(StandardContextValve.java:96)
	at org.apache.catalina.authenticator.AuthenticatorBase.invoke(AuthenticatorBase.java:493)
	at org.apache.catalina.core.StandardHostValve.invoke(StandardHostValve.java:140)
	at org.apache.catalina.valves.ErrorReportValve.invoke(ErrorReportValve.java:81)
	at org.apache.catalina.valves.AbstractAccessLogValve.invoke(AbstractAccessLogValve.java:650)
	at org.apache.catalina.core.StandardEngineValve.invoke(StandardEngineValve.java:87)
	at org.apache.catalina.connector.CoyoteAdapter.service(CoyoteAdapter.java:342)
	at org.apache.coyote.http11.Http11Processor.service(Http11Processor.java:800)
	at org.apache.coyote.AbstractProcessorLight.process(AbstractProcessorLight.java:66)
	at org.apache.coyote.AbstractProtocol$ConnectionHandler.process(AbstractProtocol.java:806)
	at org.apache.tomcat.util.net.NioEndpoint$SocketProcessor.doRun(NioEndpoint.java:1498)
	at org.apache.tomcat.util.net.SocketProcessorBase.run(SocketProcessorBase.java:49)
	at java.util.concurrent.ThreadPoolExecutor.runWorker(ThreadPoolExecutor.java:1149)
	at java.util.concurrent.ThreadPoolExecutor$Worker.run(ThreadPoolExecutor.java:624)
	at org.apache.tomcat.util.threads.TaskThread$WrappingRunnable.run(TaskThread.java:61)
	at java.lang.Thread.run(Thread.java:748)
","1","8","","Please fill printing settings on purchase order #2","8 : 2023-06-12T22:43:01.404+05:30[Asia/Kolkata]",""
"2023-06-12T22:46:36.375","com.axelor.exception.AxelorException: Please fill printing settings on purchase order #3","1","","","1","0","com.axelor.apps.purchase.service.print.PurchaseOrderPrintServiceImpl.prepareReportSettings(PurchaseOrderPrintServiceImpl.java:92)","","com.axelor.exception.AxelorException: Please fill printing settings on purchase order #3
	at com.axelor.apps.purchase.service.print.PurchaseOrderPrintServiceImpl.prepareReportSettings(PurchaseOrderPrintServiceImpl.java:92)
	at com.axelor.apps.purchase.service.print.PurchaseOrderPrintServiceImpl.print(PurchaseOrderPrintServiceImpl.java:85)
	at com.axelor.apps.purchase.service.print.PurchaseOrderPrintServiceImpl.printPurchaseOrder(PurchaseOrderPrintServiceImpl.java:62)
	at com.axelor.apps.purchase.web.PurchaseOrderController.showPurchaseOrder(PurchaseOrderController.java:152)
	at sun.reflect.NativeMethodAccessorImpl.invoke0(Native Method)
	at sun.reflect.NativeMethodAccessorImpl.invoke(NativeMethodAccessorImpl.java:62)
	at sun.reflect.DelegatingMethodAccessorImpl.invoke(DelegatingMethodAccessorImpl.java:43)
	at java.lang.reflect.Method.invoke(Method.java:498)
	at com.axelor.meta.ActionHandler.call(ActionHandler.java:261)
	at com.axelor.meta.schema.actions.ActionMethod.evaluate(ActionMethod.java:76)
	at com.axelor.meta.schema.actions.Action.execute(Action.java:100)
	at com.axelor.meta.schema.actions.Action.wrap(Action.java:113)
	at com.axelor.meta.schema.actions.ActionGroup.evaluate(ActionGroup.java:231)
	at com.axelor.meta.schema.actions.Action.execute(Action.java:96)
	at com.axelor.meta.schema.actions.Action.wrap(Action.java:113)
	at com.axelor.meta.ActionHandler.execute(ActionHandler.java:529)
	at com.axelor.meta.ActionExecutor.execute(ActionExecutor.java:57)
	at com.axelor.meta.ActionExecutor$$EnhancerByGuice$$1bd31491.CGLIB$execute$4(<generated>)
	at com.axelor.meta.ActionExecutor$$EnhancerByGuice$$1bd31491$$FastClassByGuice$$c9692cab.invoke(<generated>)
	at com.google.inject.internal.cglib.proxy.$MethodProxy.invokeSuper(MethodProxy.java:228)
	at com.google.inject.internal.InterceptorStackCallback$InterceptedMethodInvocation.proceed(InterceptorStackCallback.java:76)
	at com.axelor.rpc.ResponseInterceptor.invoke(ResponseInterceptor.java:58)
	at com.google.inject.internal.InterceptorStackCallback$InterceptedMethodInvocation.proceed(InterceptorStackCallback.java:78)
	at com.google.inject.internal.InterceptorStackCallback.intercept(InterceptorStackCallback.java:54)
	at com.axelor.meta.ActionExecutor$$EnhancerByGuice$$1bd31491.execute(<generated>)
	at com.axelor.web.service.ActionService.execute(ActionService.java:107)
	at com.axelor.web.service.ActionService$$EnhancerByGuice$$49874116.CGLIB$execute$2(<generated>)
	at com.axelor.web.service.ActionService$$EnhancerByGuice$$49874116$$FastClassByGuice$$2736749c.invoke(<generated>)
	at com.google.inject.internal.cglib.proxy.$MethodProxy.invokeSuper(MethodProxy.java:228)
	at com.google.inject.internal.InterceptorStackCallback$InterceptedMethodInvocation.proceed(InterceptorStackCallback.java:76)
	at com.axelor.rpc.RequestFilter.invoke(RequestFilter.java:55)
	at com.google.inject.internal.InterceptorStackCallback$InterceptedMethodInvocation.proceed(InterceptorStackCallback.java:78)
	at com.axelor.rpc.ResponseInterceptor.invoke(ResponseInterceptor.java:67)
	at com.google.inject.internal.InterceptorStackCallback$InterceptedMethodInvocation.proceed(InterceptorStackCallback.java:78)
	at com.google.inject.internal.InterceptorStackCallback.intercept(InterceptorStackCallback.java:54)
	at com.axelor.web.service.ActionService$$EnhancerByGuice$$49874116.execute(<generated>)
	at sun.reflect.GeneratedMethodAccessor543.invoke(Unknown Source)
	at sun.reflect.DelegatingMethodAccessorImpl.invoke(DelegatingMethodAccessorImpl.java:43)
	at java.lang.reflect.Method.invoke(Method.java:498)
	at org.jboss.resteasy.core.MethodInjectorImpl.invoke(MethodInjectorImpl.java:140)
	at org.jboss.resteasy.core.ResourceMethodInvoker.invokeOnTarget(ResourceMethodInvoker.java:294)
	at org.jboss.resteasy.core.ResourceMethodInvoker.invoke(ResourceMethodInvoker.java:248)
	at org.jboss.resteasy.core.ResourceMethodInvoker.invoke(ResourceMethodInvoker.java:235)
	at org.jboss.resteasy.core.SynchronousDispatcher.invoke(SynchronousDispatcher.java:398)
	at org.jboss.resteasy.core.SynchronousDispatcher.invoke(SynchronousDispatcher.java:205)
	at org.jboss.resteasy.plugins.server.servlet.ServletContainerDispatcher.service(ServletContainerDispatcher.java:228)
	at org.jboss.resteasy.plugins.server.servlet.HttpServletDispatcher.service(HttpServletDispatcher.java:56)
	at org.jboss.resteasy.plugins.server.servlet.HttpServletDispatcher.service(HttpServletDispatcher.java:51)
	at javax.servlet.http.HttpServlet.service(HttpServlet.java:742)
	at org.apache.catalina.core.ApplicationFilterChain.internalDoFilter(ApplicationFilterChain.java:231)
	at org.apache.catalina.core.ApplicationFilterChain.doFilter(ApplicationFilterChain.java:166)
	at org.apache.tomcat.websocket.server.WsFilter.doFilter(WsFilter.java:52)
	at org.apache.catalina.core.ApplicationFilterChain.internalDoFilter(ApplicationFilterChain.java:193)
	at org.apache.catalina.core.ApplicationFilterChain.doFilter(ApplicationFilterChain.java:166)
	at com.google.inject.servlet.FilterChainInvocation.doFilter(FilterChainInvocation.java:89)
	at com.axelor.db.tenants.AbstractTenantFilter.doFilter(AbstractTenantFilter.java:70)
	at com.google.inject.servlet.FilterChainInvocation.doFilter(FilterChainInvocation.java:82)
	at org.apache.shiro.guice.web.SimpleFilterChain.doFilter(SimpleFilterChain.java:44)
	at io.buji.pac4j.filter.SecurityFilter.lambda$doFilter$0(SecurityFilter.java:86)
	at org.pac4j.core.engine.DefaultSecurityLogic.perform(DefaultSecurityLogic.java:140)
	at com.axelor.auth.pac4j.AuthPac4jModule$AxelorSecurityFilter$1.perform(AuthPac4jModule.java:485)
	at com.axelor.auth.pac4j.AuthPac4jModule$AxelorSecurityFilter$1.perform(AuthPac4jModule.java:469)
	at io.buji.pac4j.filter.SecurityFilter.doFilter(SecurityFilter.java:84)
	at org.apache.shiro.guice.web.SimpleFilterChain.doFilter(SimpleFilterChain.java:41)
	at org.apache.shiro.web.servlet.AbstractShiroFilter.executeChain(AbstractShiroFilter.java:449)
	at org.apache.shiro.web.servlet.AbstractShiroFilter$1.call(AbstractShiroFilter.java:365)
	at org.apache.shiro.subject.support.SubjectCallable.doCall(SubjectCallable.java:90)
	at org.apache.shiro.subject.support.SubjectCallable.call(SubjectCallable.java:83)
	at org.apache.shiro.subject.support.DelegatingSubject.execute(DelegatingSubject.java:387)
	at org.apache.shiro.web.servlet.AbstractShiroFilter.doFilterInternal(AbstractShiroFilter.java:362)
	at org.apache.shiro.web.servlet.OncePerRequestFilter.doFilter(OncePerRequestFilter.java:125)
	at com.google.inject.servlet.FilterChainInvocation.doFilter(FilterChainInvocation.java:82)
	at com.axelor.app.internal.AppFilter.doFilter(AppFilter.java:94)
	at com.google.inject.servlet.FilterChainInvocation.doFilter(FilterChainInvocation.java:82)
	at com.google.inject.persist.PersistFilter.doFilter(PersistFilter.java:94)
	at com.google.inject.servlet.FilterChainInvocation.doFilter(FilterChainInvocation.java:82)
	at com.axelor.db.tenants.AbstractTenantFilter.doFilter(AbstractTenantFilter.java:70)
	at com.google.inject.servlet.FilterChainInvocation.doFilter(FilterChainInvocation.java:82)
	at com.axelor.web.servlet.CorsFilter.doFilter(CorsFilter.java:137)
	at com.google.inject.servlet.FilterChainInvocation.doFilter(FilterChainInvocation.java:82)
	at com.google.inject.servlet.ManagedFilterPipeline.dispatch(ManagedFilterPipeline.java:121)
	at com.google.inject.servlet.GuiceFilter.doFilter(GuiceFilter.java:133)
	at org.apache.catalina.core.ApplicationFilterChain.internalDoFilter(ApplicationFilterChain.java:193)
	at org.apache.catalina.core.ApplicationFilterChain.doFilter(ApplicationFilterChain.java:166)
	at org.apache.catalina.core.StandardWrapperValve.invoke(StandardWrapperValve.java:198)
	at org.apache.catalina.core.StandardContextValve.invoke(StandardContextValve.java:96)
	at org.apache.catalina.authenticator.AuthenticatorBase.invoke(AuthenticatorBase.java:493)
	at org.apache.catalina.core.StandardHostValve.invoke(StandardHostValve.java:140)
	at org.apache.catalina.valves.ErrorReportValve.invoke(ErrorReportValve.java:81)
	at org.apache.catalina.valves.AbstractAccessLogValve.invoke(AbstractAccessLogValve.java:650)
	at org.apache.catalina.core.StandardEngineValve.invoke(StandardEngineValve.java:87)
	at org.apache.catalina.connector.CoyoteAdapter.service(CoyoteAdapter.java:342)
	at org.apache.coyote.http11.Http11Processor.service(Http11Processor.java:800)
	at org.apache.coyote.AbstractProcessorLight.process(AbstractProcessorLight.java:66)
	at org.apache.coyote.AbstractProtocol$ConnectionHandler.process(AbstractProtocol.java:806)
	at org.apache.tomcat.util.net.NioEndpoint$SocketProcessor.doRun(NioEndpoint.java:1498)
	at org.apache.tomcat.util.net.SocketProcessorBase.run(SocketProcessorBase.java:49)
	at java.util.concurrent.ThreadPoolExecutor.runWorker(ThreadPoolExecutor.java:1149)
	at java.util.concurrent.ThreadPoolExecutor$Worker.run(ThreadPoolExecutor.java:624)
	at org.apache.tomcat.util.threads.TaskThread$WrappingRunnable.run(TaskThread.java:61)
	at java.lang.Thread.run(Thread.java:748)
","1","9","","Please fill printing settings on purchase order #3","9 : 2023-06-12T22:46:36.375+05:30[Asia/Kolkata]",""
"2023-06-14T18:03:28.583","com.axelor.exception.AxelorException: There's no configured sequence for opportunities for the company Axelor","4","","","1","0","com.axelor.apps.crm.service.OpportunityServiceImpl.setSequence(OpportunityServiceImpl.java:106)","","com.axelor.exception.AxelorException: There's no configured sequence for opportunities for the company Axelor
	at com.axelor.apps.crm.service.OpportunityServiceImpl.setSequence(OpportunityServiceImpl.java:106)
	at com.axelor.apps.crm.db.repo.OpportunityManagementRepository.save(OpportunityManagementRepository.java:40)
	at com.axelor.apps.crm.db.repo.OpportunityManagementRepository.save(OpportunityManagementRepository.java:1)
	at com.axelor.rpc.Resource.save(Resource.java:1121)
	at com.axelor.rpc.Resource$$EnhancerByGuice$$b6cbe20f.CGLIB$save$14(<generated>)
	at com.axelor.rpc.Resource$$EnhancerByGuice$$b6cbe20f$$FastClassByGuice$$d1b46f81.invoke(<generated>)
	at com.google.inject.internal.cglib.proxy.$MethodProxy.invokeSuper(MethodProxy.java:228)
	at com.google.inject.internal.InterceptorStackCallback$InterceptedMethodInvocation.proceed(InterceptorStackCallback.java:76)
	at com.axelor.rpc.ResponseInterceptor.invoke(ResponseInterceptor.java:58)
	at com.google.inject.internal.InterceptorStackCallback$InterceptedMethodInvocation.proceed(InterceptorStackCallback.java:78)
	at com.google.inject.persist.jpa.JpaLocalTxnInterceptor.invoke(JpaLocalTxnInterceptor.java:64)
	at com.google.inject.internal.InterceptorStackCallback$InterceptedMethodInvocation.proceed(InterceptorStackCallback.java:78)
	at com.google.inject.internal.InterceptorStackCallback.intercept(InterceptorStackCallback.java:54)
	at com.axelor.rpc.Resource$$EnhancerByGuice$$b6cbe20f.save(<generated>)
	at com.axelor.web.service.RestService.save(RestService.java:174)
	at com.axelor.web.service.RestService$$EnhancerByGuice$$35a4694c.CGLIB$save$22(<generated>)
	at com.axelor.web.service.RestService$$EnhancerByGuice$$35a4694c$$FastClassByGuice$$8b5da3db.invoke(<generated>)
	at com.google.inject.internal.cglib.proxy.$MethodProxy.invokeSuper(MethodProxy.java:228)
	at com.google.inject.internal.InterceptorStackCallback$InterceptedMethodInvocation.proceed(InterceptorStackCallback.java:76)
	at com.axelor.rpc.RequestFilter.invoke(RequestFilter.java:55)
	at com.google.inject.internal.InterceptorStackCallback$InterceptedMethodInvocation.proceed(InterceptorStackCallback.java:78)
	at com.axelor.rpc.ResponseInterceptor.invoke(ResponseInterceptor.java:67)
	at com.google.inject.internal.InterceptorStackCallback$InterceptedMethodInvocation.proceed(InterceptorStackCallback.java:78)
	at com.google.inject.internal.InterceptorStackCallback.intercept(InterceptorStackCallback.java:54)
	at com.axelor.web.service.RestService$$EnhancerByGuice$$35a4694c.save(<generated>)
	at sun.reflect.NativeMethodAccessorImpl.invoke0(Native Method)
	at sun.reflect.NativeMethodAccessorImpl.invoke(NativeMethodAccessorImpl.java:62)
	at sun.reflect.DelegatingMethodAccessorImpl.invoke(DelegatingMethodAccessorImpl.java:43)
	at java.lang.reflect.Method.invoke(Method.java:498)
	at org.jboss.resteasy.core.MethodInjectorImpl.invoke(MethodInjectorImpl.java:140)
	at org.jboss.resteasy.core.ResourceMethodInvoker.invokeOnTarget(ResourceMethodInvoker.java:294)
	at org.jboss.resteasy.core.ResourceMethodInvoker.invoke(ResourceMethodInvoker.java:248)
	at org.jboss.resteasy.core.ResourceMethodInvoker.invoke(ResourceMethodInvoker.java:235)
	at org.jboss.resteasy.core.SynchronousDispatcher.invoke(SynchronousDispatcher.java:398)
	at org.jboss.resteasy.core.SynchronousDispatcher.invoke(SynchronousDispatcher.java:205)
	at org.jboss.resteasy.plugins.server.servlet.ServletContainerDispatcher.service(ServletContainerDispatcher.java:228)
	at org.jboss.resteasy.plugins.server.servlet.HttpServletDispatcher.service(HttpServletDispatcher.java:56)
	at org.jboss.resteasy.plugins.server.servlet.HttpServletDispatcher.service(HttpServletDispatcher.java:51)
	at javax.servlet.http.HttpServlet.service(HttpServlet.java:742)
	at org.apache.catalina.core.ApplicationFilterChain.internalDoFilter(ApplicationFilterChain.java:231)
	at org.apache.catalina.core.ApplicationFilterChain.doFilter(ApplicationFilterChain.java:166)
	at org.apache.tomcat.websocket.server.WsFilter.doFilter(WsFilter.java:52)
	at org.apache.catalina.core.ApplicationFilterChain.internalDoFilter(ApplicationFilterChain.java:193)
	at org.apache.catalina.core.ApplicationFilterChain.doFilter(ApplicationFilterChain.java:166)
	at com.google.inject.servlet.FilterChainInvocation.doFilter(FilterChainInvocation.java:89)
	at com.axelor.db.tenants.AbstractTenantFilter.doFilter(AbstractTenantFilter.java:70)
	at com.google.inject.servlet.FilterChainInvocation.doFilter(FilterChainInvocation.java:82)
	at org.apache.shiro.guice.web.SimpleFilterChain.doFilter(SimpleFilterChain.java:44)
	at io.buji.pac4j.filter.SecurityFilter.lambda$doFilter$0(SecurityFilter.java:86)
	at org.pac4j.core.engine.DefaultSecurityLogic.perform(DefaultSecurityLogic.java:140)
	at com.axelor.auth.pac4j.AuthPac4jModule$AxelorSecurityFilter$1.perform(AuthPac4jModule.java:485)
	at com.axelor.auth.pac4j.AuthPac4jModule$AxelorSecurityFilter$1.perform(AuthPac4jModule.java:469)
	at io.buji.pac4j.filter.SecurityFilter.doFilter(SecurityFilter.java:84)
	at org.apache.shiro.guice.web.SimpleFilterChain.doFilter(SimpleFilterChain.java:41)
	at org.apache.shiro.web.servlet.AbstractShiroFilter.executeChain(AbstractShiroFilter.java:449)
	at org.apache.shiro.web.servlet.AbstractShiroFilter$1.call(AbstractShiroFilter.java:365)
	at org.apache.shiro.subject.support.SubjectCallable.doCall(SubjectCallable.java:90)
	at org.apache.shiro.subject.support.SubjectCallable.call(SubjectCallable.java:83)
	at org.apache.shiro.subject.support.DelegatingSubject.execute(DelegatingSubject.java:387)
	at org.apache.shiro.web.servlet.AbstractShiroFilter.doFilterInternal(AbstractShiroFilter.java:362)
	at org.apache.shiro.web.servlet.OncePerRequestFilter.doFilter(OncePerRequestFilter.java:125)
	at com.google.inject.servlet.FilterChainInvocation.doFilter(FilterChainInvocation.java:82)
	at com.axelor.app.internal.AppFilter.doFilter(AppFilter.java:94)
	at com.google.inject.servlet.FilterChainInvocation.doFilter(FilterChainInvocation.java:82)
	at com.google.inject.persist.PersistFilter.doFilter(PersistFilter.java:94)
	at com.google.inject.servlet.FilterChainInvocation.doFilter(FilterChainInvocation.java:82)
	at com.axelor.db.tenants.AbstractTenantFilter.doFilter(AbstractTenantFilter.java:70)
	at com.google.inject.servlet.FilterChainInvocation.doFilter(FilterChainInvocation.java:82)
	at com.axelor.web.servlet.CorsFilter.doFilter(CorsFilter.java:137)
	at com.google.inject.servlet.FilterChainInvocation.doFilter(FilterChainInvocation.java:82)
	at com.google.inject.servlet.ManagedFilterPipeline.dispatch(ManagedFilterPipeline.java:121)
	at com.google.inject.servlet.GuiceFilter.doFilter(GuiceFilter.java:133)
	at org.apache.catalina.core.ApplicationFilterChain.internalDoFilter(ApplicationFilterChain.java:193)
	at org.apache.catalina.core.ApplicationFilterChain.doFilter(ApplicationFilterChain.java:166)
	at org.apache.catalina.core.StandardWrapperValve.invoke(StandardWrapperValve.java:198)
	at org.apache.catalina.core.StandardContextValve.invoke(StandardContextValve.java:96)
	at org.apache.catalina.authenticator.AuthenticatorBase.invoke(AuthenticatorBase.java:493)
	at org.apache.catalina.core.StandardHostValve.invoke(StandardHostValve.java:140)
	at org.apache.catalina.valves.ErrorReportValve.invoke(ErrorReportValve.java:81)
	at org.apache.catalina.valves.AbstractAccessLogValve.invoke(AbstractAccessLogValve.java:650)
	at org.apache.catalina.core.StandardEngineValve.invoke(StandardEngineValve.java:87)
	at org.apache.catalina.connector.CoyoteAdapter.service(CoyoteAdapter.java:342)
	at org.apache.coyote.http11.Http11Processor.service(Http11Processor.java:800)
	at org.apache.coyote.AbstractProcessorLight.process(AbstractProcessorLight.java:66)
	at org.apache.coyote.AbstractProtocol$ConnectionHandler.process(AbstractProtocol.java:806)
	at org.apache.tomcat.util.net.NioEndpoint$SocketProcessor.doRun(NioEndpoint.java:1498)
	at org.apache.tomcat.util.net.SocketProcessorBase.run(SocketProcessorBase.java:49)
	at java.util.concurrent.ThreadPoolExecutor.runWorker(ThreadPoolExecutor.java:1149)
	at java.util.concurrent.ThreadPoolExecutor$Worker.run(ThreadPoolExecutor.java:624)
	at org.apache.tomcat.util.threads.TaskThread$WrappingRunnable.run(TaskThread.java:61)
	at java.lang.Thread.run(Thread.java:748)
","1","10","","There's no configured sequence for opportunities for the company Axelor","10 : 2023-06-14T18:03:28.583+05:30[Asia/Kolkata]",""
