"code";"parent_code";"name";"accountType.technicalTypeSelect";"reconcileOk";"useForPartnerBalance";"isTaxAuthorizedOnMoveLine";"isTaxRequiredOnMoveLine";"isRegulatoryAccount";"isRetrievedOnPaymentSession";"hasInvoiceTerm";"statusSelect"
0;;"Racine PCG";"view";;;;;"true";"false";"false";1
"CL1_5";0;"Comptes de bilan";"view";;;;;"true";"false";"false";1
"CL6_7";0;"Comptes de gestion";"view";;;;;"true";"false";"false";1
"CL1";"CL1_5";"Comptes de capitaux";"view";;;;;"true";"false";"false";1
"CL2";"CL1_5";"Comptes d'immobilisations";"view";;;;;"true";"false";"false";1
"CL3";"CL1_5";"Comptes de stocks et d'en-cours";"view";;;;;"true";"false";"false";1
"CL4";"CL1_5";"Comptes de tiers";"view";;;;;"true";"false";"false";1
"CL5";"CL1_5";"Comptes financiers";"view";;;;;"true";"false";"false";1
"CL6";"CL6_7";"Comptes de charges";"view";;;;;"true";"false";"false";1
"CL7";"CL6_7";"Comptes de produits";"view";;;;;"true";"false";"false";1
"CL8";0;"Comptes spéciaux";"view";;;;;"true";"false";"false";1
100;"CL1";"Capital et réserves";"view";;;;;"true";"false";"false";1
101000;100;"Capital";"equity";;;;;"false";"false";"false";1
101100;101000;"Capital souscrit - non appelé";"equity";;;;;"false";"false";"false";1
101200;101000;"Capital souscrit - appelé non versé";"equity";;;;;"false";"false";"false";1
101300;101000;"Capital souscrit - appelé versé";"equity";;;;;"false";"false";"false";1
101310;101300;"Capital non amorti";"equity";;;;;"false";"false";"false";1
101320;101300;"Capital amorti";"equity";;;;;"false";"false";"false";1
101800;101000;"Capital souscrit soumis à des réglementations particulières";"equity";;;;;"false";"false";"false";1
104000;100;"Primes liées au capital social";"equity";;;;;"false";"false";"false";1
104100;104000;"Primes d'émission";"equity";;;;;"false";"false";"false";1
104200;104000;"Primes de fusion";"equity";;;;;"false";"false";"false";1
104300;104000;"Primes d'apport";"equity";;;;;"false";"false";"false";1
104400;104000;"Primes de conversion d'obligations en actions";"equity";;;;;"false";"false";"false";1
104500;104000;"Bons de souscription d'actions";"equity";;;;;"false";"false";"false";1
105000;100;"Écarts de réévaluation";"equity";;;;;"false";"false";"false";1
105100;105000;"Réserve spéciale de réévaluation";"equity";;;;;"false";"false";"false";1
105200;105000;"Écart de réévaluation libre";"equity";;;;;"false";"false";"false";1
105300;105000;"Réserve de réévaluation";"equity";;;;;"false";"false";"false";1
105500;105000;"Écarts de réévaluation (autres opérations légales)";"equity";;;;;"false";"false";"false";1
105700;105000;"Autres écarts de réévaluation en France";"equity";;;;;"false";"false";"false";1
105800;105000;"Autres écarts de réévaluation à l'étranger";"equity";;;;;"false";"false";"false";1
106000;100;"Réserves";"equity";;;;;"false";"false";"false";1
106100;106000;"Réserve légale";"equity";;;;;"false";"false";"false";1
106110;106100;"Réserve légale proprement dite";"equity";;;;;"false";"false";"false";1
106120;106100;"Plus-values nettes à long terme";"equity";;;;;"false";"false";"false";1
106200;106000;"Réserves indisponibles";"equity";;;;;"false";"false";"false";1
106300;106000;"Réserves statutaires ou contractuelles";"equity";;;;;"false";"false";"false";1
106400;106000;"Réserves réglementées";"equity";;;;;"false";"false";"false";1
106410;106400;"Plus-values nettes à long terme";"equity";;;;;"false";"false";"false";1
106430;106400;"Réserves consécutives à l'octroi de subventions d'investissement";"equity";;;;;"false";"false";"false";1
106480;106400;"Autres réserves réglementées";"equity";;;;;"false";"false";"false";1
106800;106000;"Autres réserves";"equity";;;;;"false";"false";"false";1
106810;106800;"Réserve de propre assureur";"equity";;;;;"false";"false";"false";1
106880;106800;"Réserves diverses";"equity";;;;;"false";"false";"false";1
107000;100;"Écarts d'équivalence";"equity";;;;;"false";"false";"false";1
108000;100;"Compte de l'exploitant";"equity";;;;;"false";"false";"false";1
109000;100;"Actionnaires: capital souscrit - non appelé";"asset";;;;;"false";"false";"false";1
110;"CL1";"Report à nouveau (solde créditeur ou débiteur)";"view";;;;;"true";"false";"false";1
110000;110;"Report à nouveau (solde créditeur)";"equity";;;;;"false";"false";"false";1
119000;110;"Report à nouveau (solde débiteur)";"equity";;;;;"false";"false";"false";1
120;"CL1";"Résultat de l'exercice (bénéfice ou perte)";"view";;;;;"true";"false";"false";1
120000;120;"Résultat de l'exercice (bénéfice)";"equity";;;;;"false";"false";"false";1
129000;120;"Résultat de l'exercice (perte)";"equity";;;;;"false";"false";"false";1
130;"CL1";"Subventions d'investissement";"view";;;;;"true";"false";"false";1
131000;130;"Subventions d'équipement";"equity";;;;;"false";"false";"false";1
131100;131000;"État";"equity";;;;;"false";"false";"false";1
131200;131000;"Régions";"equity";;;;;"false";"false";"false";1
131300;131000;"Départements";"equity";;;;;"false";"false";"false";1
131400;131000;"Communes";"equity";;;;;"false";"false";"false";1
131500;131000;"Collectivités publiques";"equity";;;;;"false";"false";"false";1
131600;131000;"Entreprises publiques";"equity";;;;;"false";"false";"false";1
131700;131000;"Entreprises et organismes privés";"equity";;;;;"false";"false";"false";1
131800;131000;"Autres";"equity";;;;;"false";"false";"false";1
138000;130;"Autres subventions d'investissement (même ventilation que celle du compte 131)";"equity";;;;;"false";"false";"false";1
139000;130;"Subventions d'investissement inscrites au compte de résultat";"equity";;;;;"false";"false";"false";1
139100;139000;"Subventions d'équipement";"equity";;;;;"false";"false";"false";1
139110;139100;"Etat";"equity";;;;;"false";"false";"false";1
139120;139100;"Régions";"equity";;;;;"false";"false";"false";1
139130;139100;"Départements";"equity";;;;;"false";"false";"false";1
139140;139100;"Communes";"equity";;;;;"false";"false";"false";1
139150;139100;"Collectivités publiques";"equity";;;;;"false";"false";"false";1
139160;139100;"Entreprises publiques";"equity";;;;;"false";"false";"false";1
139170;139100;"Entreprises et organismes privés ";"equity";;;;;"false";"false";"false";1
139180;139100;"Autres";"equity";;;;;"false";"false";"false";1
139800;139000;"Autres subventions d'investissement (même ventilation que celle du compte 1391)";"equity";;;;;"false";"false";"false";1
140;"CL1";"Provisions réglementées";"view";;;;;"true";"false";"false";1
142000;140;"Provisions réglementées relatives aux immobilisations";"equity";;;;;"false";"false";"false";1
142300;142000;"Provisions reconstitution des gisements miniers et pétroliers";"equity";;;;;"false";"false";"false";1
142400;142000;"Provisions pour investissement (participation des salariés)";"equity";;;;;"false";"false";"false";1
143000;140;"Provisions réglementées relatives aux stocks";"equity";;;;;"false";"false";"false";1
143100;143000;"Hausse des prix";"equity";;;;;"false";"false";"false";1
143200;143000;"Fluctuation des cours";"equity";;;;;"false";"false";"false";1
144000;140;"Provisions réglementées relatives aux autres éléments de l'actif";"equity";;;;;"false";"false";"false";1
145000;140;"Amortissements dérogatoires";"equity";;;;;"false";"false";"false";1
146000;140;"Provision spéciale de réévaluation";"equity";;;;;"false";"false";"false";1
147000;140;"Plus-values réinvesties";"equity";;;;;"false";"false";"false";1
148000;140;"Autres provisions réglementées";"equity";;;;;"false";"false";"false";1
150;"CL1";"Provisions";"view";;;;;"true";"false";"false";1
151000;150;"Provisions pour risques";"provision";;;;;"false";"false";"false";1
151100;151000;"Provisions pour litiges";"provision";;;;;"false";"false";"false";1
151200;151000;"Provisions pour garanties données aux clients";"provision";;;;;"false";"false";"false";1
151300;151000;"Provisions pour pertes sur marchés à terme";"provision";;;;;"false";"false";"false";1
151400;151000;"Provisions pour amendes et pénalités";"provision";;;;;"false";"false";"false";1
151500;151000;"Provisions pour pertes de change";"provision";;;;;"false";"false";"false";1
151600;151000;"Provisions pour pertes sur contrats";"provision";;;;;"false";"false";"false";1
151800;151000;"Autres provisions pour risques";"provision";;;;;"false";"false";"false";1
153000;150;"Provisions pour pensions et obligations similaires";"provision";;;;;"false";"false";"false";1
154000;150;"Provisions pour restructurations";"provision";;;;;"false";"false";"false";1
155000;150;"Provisions pour impôts";"provision";;;;;"false";"false";"false";1
156000;150;"Provisions pour renouvellement des immobilisations (entreprises concessionnaires)";"provision";;;;;"false";"false";"false";1
157000;150;"Provisions pour charges à répartir sur plusieurs exercices";"provision";;;;;"false";"false";"false";1
157200;157000;"Provisions pour gros entretien ou grandes révisions ";"provision";;;;;"false";"false";"false";1
158000;150;"Autres provisions pour charges";"provision";;;;;"false";"false";"false";1
158100;158000;"Provisions pour remises en état";"provision";;;;;"false";"false";"false";1
160;"CL1";"Emprunts et dettes assimilées";"view";;;;;"true";"false";"false";1
161000;160;"Emprunts obligataires convertibles";"debt";;;;;"false";"false";"false";1
163000;160;"Autres emprunts obligataires ";"debt";;;;;"false";"false";"false";1
164000;160;"Emprunts auprès des établissements de crédit";"debt";;;;;"false";"false";"false";1
165000;160;"Dépôts et cautionnements reçus";"debt";;;;;"false";"false";"false";1
165100;165000;"Dépôts";"debt";;;;;"false";"false";"false";1
165500;165000;"Cautionnements";"debt";;;;;"false";"false";"false";1
166000;160;"Participation des salariés aux résultats";"debt";;;;;"false";"false";"false";1
166100;166000;"Comptes bloqués";"debt";;;;;"false";"false";"false";1
166200;166000;"Fonds de participation";"debt";;;;;"false";"false";"false";1
167000;160;"Emprunts et dettes assortis de conditions particulières";"debt";;;;;"false";"false";"false";1
167100;167000;"Emissions de titres participatifs";"debt";;;;;"false";"false";"false";1
167400;167000;"Avances conditionnées de l'État";"debt";;;;;"false";"false";"false";1
167500;167000;"Emprunts participatifs";"debt";;;;;"false";"false";"false";1
168000;160;"Autres emprunts et dettes assimilées";"debt";;;;;"false";"false";"false";1
168100;168000;"Autres emprunts";"debt";;;;;"false";"false";"false";1
168500;168000;"Rentes viagères capitalisées";"debt";;;;;"false";"false";"false";1
168700;168000;"Autres dettes";"debt";;;;;"false";"false";"false";1
168800;168000;"Intérêts courus";"debt";;;;;"false";"false";"false";1
168810;168800;"Sur emprunts obligataires convertibles ";"debt";;;;;"false";"false";"false";1
168830;168800;"Sur autres emprunts obligataires";"debt";;;;;"false";"false";"false";1
168840;168800;"Sur emprunts auprès des établissements de crédit";"debt";;;;;"false";"false";"false";1
168850;168800;"Sur dépôts et cautionnements reçus";"debt";;;;;"false";"false";"false";1
168860;168800;"Sur participation des salariés aux résultats";"debt";;;;;"false";"false";"false";1
168870;168800;"Sur emprunts et dettes assortis de conditions particulières";"debt";;;;;"false";"false";"false";1
168880;168800;"Sur autres emprunts et dettes assimilées";"debt";;;;;"false";"false";"false";1
169000;160;"Primes de remboursement des obligations";"debt";;;;;"false";"false";"false";1
170;"CL1";"Dettes rattachées à des participations";"view";;;;;"true";"false";"false";1
171000;170;"Dettes rattachées à des participations (groupe)";"debt";;;;;"false";"false";"false";1
174000;170;"Dettes rattachées à des participations (hors groupe)";"debt";;;;;"false";"false";"false";1
178000;170;"Dettes rattachées à des sociétés en participation";"debt";;;;;"false";"false";"false";1
178100;178000;"Principal";"debt";;;;;"false";"false";"false";1
178800;178000;"Intérêts courus";"debt";;;;;"false";"false";"false";1
180;"CL1";"Comptes de liaison des établissements et sociétés en participation";"view";;;;;"true";"false";"false";1
181000;180;"Comptes de liaison des établissements";"debt";;;;;"false";"false";"false";1
186000;180;"Biens et prestations de services échangés entre établissements (charges)";"debt";;;;;"false";"false";"false";1
187000;180;"Biens et prestations de services échangés entre établissements (produits)";"debt";;;;;"false";"false";"false";1
188000;180;"Comptes de liaison des sociétés en participation";"debt";;;;;"false";"false";"false";1
200;"CL2";"Immobilisations incorporelles";"view";;;;;"true";"false";"false";1
201000;200;"Frais d'établissement";"immobilisation";;;;;"false";"false";"false";1
201100;201000;"Frais de constitution";"immobilisation";;;;;"false";"false";"false";1
201200;201000;"Frais de premier établissement";"immobilisation";;;;;"false";"false";"false";1
201210;201200;"Frais de prospection";"immobilisation";;;;;"false";"false";"false";1
201220;201200;"Frais de publicité";"immobilisation";;;;;"false";"false";"false";1
201300;201000;"Frais d'augmentation de capital et d'opérations diverses (fusions, scissions, transformations)";"immobilisation";;;;;"false";"false";"false";1
203000;200;"Frais de recherche et de développement";"immobilisation";;;;;"false";"false";"false";1
205000;200;"Concessions et droits similaires, brevets, licences, marques, procédés, logiciels, droits et valeurs similaires";"immobilisation";;;;;"false";"false";"false";1
206000;200;"Droit au bail";"immobilisation";;;;;"false";"false";"false";1
207000;200;"Fonds commercial";"immobilisation";;;;;"false";"false";"false";1
208000;200;"Autres immobilisations incorporelles";"immobilisation";;;;;"false";"false";"false";1
210;"CL2";"Immobilisations corporelles";"view";;;;;"true";"false";"false";1
211000;210;"Terrains";"immobilisation";;;;;"false";"false";"false";1
211100;211000;"Terrains nus";"immobilisation";;;;;"false";"false";"false";1
211200;211000;"Terrains aménagés";"immobilisation";;;;;"false";"false";"false";1
211300;211000;"Sous-sols et sur-sols";"immobilisation";;;;;"false";"false";"false";1
211400;211000;"Terrains de gisement";"immobilisation";;;;;"false";"false";"false";1
211410;211400;"Carrières";"immobilisation";;;;;"false";"false";"false";1
211500;211000;"Terrains bâtis";"immobilisation";;;;;"false";"false";"false";1
211510;211500;"Ensembles immobiliers industriels (A, B, ...)";"immobilisation";;;;;"false";"false";"false";1
211550;211500;"Ensembles immobiliers administratifs et commerciaux (A, B, ...)";"immobilisation";;;;;"false";"false";"false";1
211580;211500;"Autres ensembles immobiliers";"immobilisation";;;;;"false";"false";"false";1
211581;211580;"Affectés aux opérations professionnelles (A, B, ...)";"immobilisation";;;;;"false";"false";"false";1
211588;211580;"Affectés aux opérations non professionnelles (A, B, ...)";"immobilisation";;;;;"false";"false";"false";1
211600;211000;"Compte d'ordre sur immobilisations";"immobilisation";;;;;"false";"false";"false";1
212000;210;"Agencements et aménagements de terrains (même ventilation que celle du compte 211)";"immobilisation";;;;;"false";"false";"false";1
213000;210;"Constructions";"immobilisation";;;;;"false";"false";"false";1
213100;213000;"Bâtiments";"immobilisation";;;;;"false";"false";"false";1
213110;213100;"Ensembles immobiliers industriels (A, B, ...)";"immobilisation";;;;;"false";"false";"false";1
213150;213100;"Ensembles immobiliers administratifs et commerciaux (A, B, ...)";"immobilisation";;;;;"false";"false";"false";1
213180;213100;"Autres ensembles immobiliers";"immobilisation";;;;;"false";"false";"false";1
213181;213180;"Affectés aux opérations professionnelles (A, B, ...)";"immobilisation";;;;;"false";"false";"false";1
213188;213180;"Affectés aux opérations non professionnelles (A, B, ...)";"immobilisation";;;;;"false";"false";"false";1
213500;213000;"Installations générales agencements aménagements des constructions (même ventilation que celle du compte 2131)";"immobilisation";;;;;"false";"false";"false";1
213800;213000;"Ouvrages d'infrastructure";"immobilisation";;;;;"false";"false";"false";1
213810;213800;"Voies de terre";"immobilisation";;;;;"false";"false";"false";1
213820;213800;"Voies de fer";"immobilisation";;;;;"false";"false";"false";1
213830;213800;"Voies d'eau";"immobilisation";;;;;"false";"false";"false";1
213840;213800;"Barrages";"immobilisation";;;;;"false";"false";"false";1
213850;213800;"Pistes d'aérodromes";"immobilisation";;;;;"false";"false";"false";1
214000;210;"Constructions sur sol d'autrui (même ventilation que celle du compte 213)";"immobilisation";;;;;"false";"false";"false";1
215000;210;"Installations techniques matériels et outillages industriels";"immobilisation";;;;;"false";"false";"false";1
215100;215000;"Installations complexes spécialisées";"immobilisation";;;;;"false";"false";"false";1
215110;215100;"Sur sol propre";"immobilisation";;;;;"false";"false";"false";1
215140;215100;"Sur sol d'autrui";"immobilisation";;;;;"false";"false";"false";1
215300;215000;"Installations à caractère spécifique";"immobilisation";;;;;"false";"false";"false";1
215310;215300;"Sur sol propre";"immobilisation";;;;;"false";"false";"false";1
215340;215300;"Sur sol d'autrui";"immobilisation";;;;;"false";"false";"false";1
215400;215000;"Matériel industriel";"immobilisation";;;;;"false";"false";"false";1
215500;215000;"Outillage industriel";"immobilisation";;;;;"false";"false";"false";1
215700;215000;"Agencements et aménagements du matériel et outillage industriels";"immobilisation";;;;;"false";"false";"false";1
218000;210;"Autres immobilisations corporelles";"immobilisation";;;;;"false";"false";"false";1
218100;218000;"Installations générales agencements aménagements divers";"immobilisation";;;;;"false";"false";"false";1
218200;218000;"Matériel de transport";"immobilisation";;;;;"false";"false";"false";1
218300;218000;"Matériel de bureau et matériel informatique ";"immobilisation";;;;;"false";"false";"false";1
218400;218000;"Mobilier";"immobilisation";;;;;"false";"false";"false";1
218500;218000;"Cheptel";"immobilisation";;;;;"false";"false";"false";1
218600;218000;"Emballages récupérables";"immobilisation";;;;;"false";"false";"false";1
220;"CL2";"Immobilisations mises en concession";"view";;;;;"true";"false";"false";1
230;"CL2";"Immobilisations en cours";"view";;;;;"true";"false";"false";1
231000;230;"Immobilisations corporelles en cours";"immobilisation";;;;;"false";"false";"false";1
231200;231000;"Terrains";"immobilisation";;;;;"false";"false";"false";1
231300;231000;"Constructions";"immobilisation";;;;;"false";"false";"false";1
231500;231000;"Installations techniques matériel et outillage industriels";"immobilisation";;;;;"false";"false";"false";1
231800;231000;"Autres immobilisations corporelles";"immobilisation";;;;;"false";"false";"false";1
232000;230;"Immobilisations incorporelles en cours ";"immobilisation";;;;;"false";"false";"false";1
237000;230;"Avances et acomptes versés sur commandes d'immobilisations incorporelles";"immobilisation";;;;;"false";"false";"false";1
238000;230;"Avances et acomptes versés sur commandes d'immobilisations corporelles";"immobilisation";;;;;"false";"false";"false";1
238200;238000;"Terrains";"immobilisation";;;;;"false";"false";"false";1
238300;238000;"Constructions";"immobilisation";;;;;"false";"false";"false";1
238500;238000;"Installations techniques matériel et outillage industriels";"immobilisation";;;;;"false";"false";"false";1
238800;238000;"Autres immobilisations corporelles";"immobilisation";;;;;"false";"false";"false";1
250;"CL2";"Parts dans des entreprises liées et créances dans des entreprises liées";"view";;;;;"true";"false";"false";1
260;"CL2";"Participations et créances rattachées à des participations";"view";;;;;"true";"false";"false";1
261000;260;"Titres de participation";"immobilisation";;;;;"false";"false";"false";1
261100;261000;"Actions";"immobilisation";;;;;"false";"false";"false";1
261800;261000;"Autres titres";"immobilisation";;;;;"false";"false";"false";1
262000;260;"Titres évalués par équivalence";"immobilisation";;;;;"false";"false";"false";1
266000;260;"Autres formes de participation";"immobilisation";;;;;"false";"false";"false";1
267000;260;"Créances rattachées à des participations";"immobilisation";;;;;"false";"false";"false";1
267100;267000;"Créances rattachées à des participations (groupe)";"immobilisation";;;;;"false";"false";"false";1
267400;267000;"Créances rattachées à des participations (hors groupe)";"immobilisation";;;;;"false";"false";"false";1
267500;267000;"Versements représentatifs d'apports non capitalisés (appel de fonds)";"immobilisation";;;;;"false";"false";"false";1
267600;267000;"Avances consolidables";"immobilisation";;;;;"false";"false";"false";1
267700;267000;"Autres créances rattachées à des participations ";"immobilisation";;;;;"false";"false";"false";1
267800;267000;"Intérêts courus";"immobilisation";;;;;"false";"false";"false";1
268000;260;"Créances rattachées à des sociétés en participation";"immobilisation";;;;;"false";"false";"false";1
268100;268000;"Principal";"immobilisation";;;;;"false";"false";"false";1
268800;268000;"Intérêts courus";"immobilisation";;;;;"false";"false";"false";1
269000;260;"Versements restant à effectuer sur titres de participation non libérés";"immobilisation";;;;;"false";"false";"false";1
270;"CL2";"Autres immobilisations financières";"view";;;;;"true";"false";"false";1
271000;270;"Titres immobilisés autres que les titres immobilisés de l'activité de portefeuille (droit de propriété)";"immobilisation";;;;;"false";"false";"false";1
271100;271000;"Actions";"immobilisation";;;;;"false";"false";"false";1
271800;271000;"Autres titres";"immobilisation";;;;;"false";"false";"false";1
272000;270;"Titres immobilisés (droit de créance)";"immobilisation";;;;;"false";"false";"false";1
272100;272000;"Obligations";"immobilisation";;;;;"false";"false";"false";1
272200;272000;"Bons";"immobilisation";;;;;"false";"false";"false";1
273000;270;"Titres immobilisés de l'activité de portefeuille (TIAP)";"immobilisation";;;;;"false";"false";"false";1
274000;270;"Prêts";"immobilisation";;;;;"false";"false";"false";1
274100;274000;"Prêts participatifs";"immobilisation";;;;;"false";"false";"false";1
274200;274000;"Prêts aux associés";"immobilisation";;;;;"false";"false";"false";1
274300;274000;"Prêts au personnel";"immobilisation";;;;;"false";"false";"false";1
274800;274000;"Autres prêts";"immobilisation";;;;;"false";"false";"false";1
275000;270;"Dépôts et cautionnements versés";"immobilisation";;;;;"false";"false";"false";1
275100;275000;"Dépôts";"immobilisation";;;;;"false";"false";"false";1
275500;275000;"Cautionnements";"immobilisation";;;;;"false";"false";"false";1
276000;270;"Autres créances immobilisées";"immobilisation";;;;;"false";"false";"false";1
276100;276000;"Créances diverses";"immobilisation";;;;;"false";"false";"false";1
276800;276000;"Intérêts courus";"immobilisation";;;;;"false";"false";"false";1
276820;276800;"Sur titres immobilisés (droits de créance)";"immobilisation";;;;;"false";"false";"false";1
276840;276800;"Sur prêts";"immobilisation";;;;;"false";"false";"false";1
276850;276800;"Sur dépôts et cautionnements";"immobilisation";;;;;"false";"false";"false";1
276880;276800;"Sur créances diverses";"immobilisation";;;;;"false";"false";"false";1
277000;270;"Actions propres ou parts propres";"immobilisation";;;;;"false";"false";"false";1
277100;277000;"Actions propres ou parts propres";"immobilisation";;;;;"false";"false";"false";1
277200;277000;"Actions propres ou parts propres en voie d'annulation";"immobilisation";;;;;"false";"false";"false";1
279000;270;"Versements restant à effectuer sur titres immobilisés non libérés";"immobilisation";;;;;"false";"false";"false";1
280;"CL2";"Amortissement des immobilisations";"view";;;;;"true";"false";"false";1
280000;280;"Amortissements des immobilisations incorporelles";"immobilisation";;;;;"false";"false";"false";1
280100;280000;"Frais d'établissement (même ventilation que celle du compte 201) ";"immobilisation";;;;;"false";"false";"false";1
280300;280000;"Frais de recherche et de développement ";"immobilisation";;;;;"false";"false";"false";1
280500;280000;"Concessions et droits similaires, brevets, licences, logiciels, droits et valeurs similaires";"immobilisation";;;;;"false";"false";"false";1
280700;280000;"Fonds commercial";"immobilisation";;;;;"false";"false";"false";1
280800;280000;"Autres immobilisations incorporelles";"immobilisation";;;;;"false";"false";"false";1
281000;280;"Amortissements des immobilisations corporelles";"immobilisation";;;;;"false";"false";"false";1
281100;281000;"Terrains de gisement";"immobilisation";;;;;"false";"false";"false";1
281200;281000;"Agencements aménagements de terrains (même ventilation que celle du compte 212)";"immobilisation";;;;;"false";"false";"false";1
281300;281000;"Constructions (même ventilation que celle du compte 213)";"immobilisation";;;;;"false";"false";"false";1
281400;281000;"Constructions sur sol d'autrui (même ventilation que celle du compte 214)";"immobilisation";;;;;"false";"false";"false";1
281500;281000;"Installations matériel et outillage industriels (même ventilation que celle du compte 215)";"immobilisation";;;;;"false";"false";"false";1
281800;281000;"Autres immobilisations corporelles (même ventilation que celle du compte 218)";"immobilisation";;;;;"false";"false";"false";1
282000;280;"Amortissements des immobilisations mises en concession";"immobilisation";;;;;"false";"false";"false";1
290;"CL2";"Dépréciation des immobilisations";"view";;;;;"true";"false";"false";1
290000;290;"Dépréciations des immobilisations incorporelles";"immobilisation";;;;;"false";"false";"false";1
290500;290000;"Marques, procédés, droits et valeurs similaires";"immobilisation";;;;;"false";"false";"false";1
290600;290000;"Droit au bail";"immobilisation";;;;;"false";"false";"false";1
290700;290000;"Fonds commercial";"immobilisation";;;;;"false";"false";"false";1
290800;290000;"Autres immobilisations incorporelles";"immobilisation";;;;;"false";"false";"false";1
291000;290;"Dépréciations des immobilisations corporelles (même ventilation que celle du compte 21)";"immobilisation";;;;;"false";"false";"false";1
291100;291000;"Terrains (autres que terrains de gisement)";"immobilisation";;;;;"false";"false";"false";1
292000;290;"Dépréciations des immobilisations mises en concession";"immobilisation";;;;;"false";"false";"false";1
293000;290;"Dépréciations des immobilisations en cours";"immobilisation";;;;;"false";"false";"false";1
293100;293000;"Immobilisations corporelles en cours";"immobilisation";;;;;"false";"false";"false";1
293200;293000;"Immobilisations incorporelles en cours";"immobilisation";;;;;"false";"false";"false";1
296000;290;"Provisions pour dépréciation des participations et créances rattachées à des participations";"immobilisation";;;;;"false";"false";"false";1
296100;296000;"Titres de participation";"immobilisation";;;;;"false";"false";"false";1
296600;296000;"Autres formes de participation";"immobilisation";;;;;"false";"false";"false";1
296700;296000;"Créances rattachées à des participations (même ventilation que celle du compte 267)";"immobilisation";;;;;"false";"false";"false";1
296800;296000;"Créances rattachées à des sociétés en participation (même ventilation que celle du compte 268)";"immobilisation";;;;;"false";"false";"false";1
297000;290;"Dépréciations des autres immobilisations financières";"immobilisation";;;;;"false";"false";"false";1
297100;297000;"Titres immobilisés autres que les titres immobilisés de l'activité de portefeuille - droit de propriété (ventilation : 271)";"immobilisation";;;;;"false";"false";"false";1
297200;297000;"Titres immobilisés - droit de créance (même ventilation que celle du compte 272) ";"immobilisation";;;;;"false";"false";"false";1
297300;297000;"Titres immobilisés de l'activité de portefeuille";"immobilisation";;;;;"false";"false";"false";1
297400;297000;"Prêts (même ventilation que celle du compte 274)";"immobilisation";;;;;"false";"false";"false";1
297500;297000;"Dépôts et cautionnements versés (même ventilation que celle du compte 275)";"immobilisation";;;;;"false";"false";"false";1
297600;297000;"Autres créances immobilisées (même ventilation que celle du compte 276)";"immobilisation";;;;;"false";"false";"false";1
310;"CL3";"Matières premières (et fourniture)";"view";;;;;"true";"false";"false";1
311000;310;"Matière (ou groupe) A";"currentAsset";;;;;"false";"false";"false";1
312000;310;"Matière (ou groupe) B";"currentAsset";;;;;"false";"false";"false";1
317000;310;"Fournitures A, B, C, ..";"currentAsset";;;;;"false";"false";"false";1
320;"CL3";"Autres approvisionnements";"view";;;;;"true";"false";"false";1
321000;320;"Matières consommables";"currentAsset";;;;;"false";"false";"false";1
321100;321000;"Matière (ou groupe) C";"currentAsset";;;;;"false";"false";"false";1
321200;321000;"Matière (ou groupe) D";"currentAsset";;;;;"false";"false";"false";1
322000;320;"Fournitures consommables";"currentAsset";;;;;"false";"false";"false";1
322100;322000;"Combustibles";"currentAsset";;;;;"false";"false";"false";1
322200;322000;"Produits d'entretien";"currentAsset";;;;;"false";"false";"false";1
322300;322000;"Fournitures d'atelier et d usine";"currentAsset";;;;;"false";"false";"false";1
322400;322000;"Fournitures de magasin";"currentAsset";;;;;"false";"false";"false";1
322500;322000;"Fournitures de bureau";"currentAsset";;;;;"false";"false";"false";1
326000;320;"Emballages";"currentAsset";;;;;"false";"false";"false";1
326100;326000;"Emballages perdus";"currentAsset";;;;;"false";"false";"false";1
326500;326000;"Emballages récupérables non identifiables";"currentAsset";;;;;"false";"false";"false";1
326700;326000;"Emballages à usage mixte";"currentAsset";;;;;"false";"false";"false";1
330;"CL3";"En-cours de production de biens";"view";;;;;"true";"false";"false";1
331000;330;"Produits en cours";"currentAsset";;;;;"false";"false";"false";1
331100;331000;"Produit en cours P 1";"currentAsset";;;;;"false";"false";"false";1
331200;331000;"Produit en cours P 2";"currentAsset";;;;;"false";"false";"false";1
335000;330;"Travaux en cours";"currentAsset";;;;;"false";"false";"false";1
335100;335000;"Travaux en cours T 1";"currentAsset";;;;;"false";"false";"false";1
335200;335000;"Travaux en cours T 2";"currentAsset";;;;;"false";"false";"false";1
340;"CL3";"En-cours de production de services";"view";;;;;"true";"false";"false";1
341000;340;"Études en cours";"currentAsset";;;;;"false";"false";"false";1
341100;341000;"Études en cours E 1";"currentAsset";;;;;"false";"false";"false";1
341200;341000;"Études en cours E 2";"currentAsset";;;;;"false";"false";"false";1
345000;340;"Prestations de services en cours";"currentAsset";;;;;"false";"false";"false";1
345100;345000;"Prestations de services S 1";"currentAsset";;;;;"false";"false";"false";1
345200;345000;"Prestations de services S 2";"currentAsset";;;;;"false";"false";"false";1
350;"CL3";"Stocks de produits";"view";;;;;"true";"false";"false";1
351000;350;"Produits intermédiaires";"currentAsset";;;;;"false";"false";"false";1
351100;351000;"Produits intermédiaires (ou groupe) A ";"currentAsset";;;;;"false";"false";"false";1
351200;351000;"Produits intermédiaires (ou groupe) B";"currentAsset";;;;;"false";"false";"false";1
355000;350;"Produits finis";"currentAsset";;;;;"false";"false";"false";1
355100;355000;"Produits finis (ou groupe) A";"currentAsset";;;;;"false";"false";"false";1
355200;355000;"Produits finis (ou groupe) B";"currentAsset";;;;;"false";"false";"false";1
358000;350;"Produits résiduels (ou matières de récupération)";"currentAsset";;;;;"false";"false";"false";1
358100;358000;"Déchets";"currentAsset";;;;;"false";"false";"false";1
358500;358000;"Rebuts";"currentAsset";;;;;"false";"false";"false";1
358600;358000;"Matières de récupération";"currentAsset";;;;;"false";"false";"false";1
360;"CL3";"Stocks provenant d'immobilisations";"view";;;;;"true";"false";"false";1
370;"CL3";"Stocks de marchandises";"view";;;;;"true";"false";"false";1
371000;370;"Marchandises (ou groupe) A";"currentAsset";;;;;"false";"false";"false";1
372000;370;"Marchandises (ou groupe) B";"currentAsset";;;;;"false";"false";"false";1
380;"CL3";"Stocks en voie d'acheminement";"view";;;;;"true";"false";"false";1
390;"CL3";"Provisions pour dépréciation des stocks et en-cours";"view";;;;;"true";"false";"false";1
391000;390;"Provisions pour dépréciation des matières premières (et fournitures)";"currentAsset";;;;;"false";"false";"false";1
391100;391000;"Matières (ou groupe) A";"currentAsset";;;;;"false";"false";"false";1
391200;391000;"Matières (ou groupe) B";"currentAsset";;;;;"false";"false";"false";1
391700;391000;"Fournitures A, B, C, ..";"currentAsset";;;;;"false";"false";"false";1
392000;390;"Provisions pour dépréciation des autres approvisionnements";"currentAsset";;;;;"false";"false";"false";1
392100;392000;"Matières consommables (même ventilation que celle du compte 321)";"currentAsset";;;;;"false";"false";"false";1
392200;392000;"Fournitures consommables (même ventilation que celle du compte 322)";"currentAsset";;;;;"false";"false";"false";1
392600;392000;"Emballages (même ventilation que celle du compte 326)";"currentAsset";;;;;"false";"false";"false";1
393000;390;"Provisions pour dépréciation des en-cours de production de biens";"currentAsset";;;;;"false";"false";"false";1
393100;393000;"Produits en cours (même ventilation que celle du compte 331)";"currentAsset";;;;;"false";"false";"false";1
393500;393000;"Travaux en cours (même ventilation que celle du compte 335)";"currentAsset";;;;;"false";"false";"false";1
394000;390;"Provisions pour dépréciation des en-cours de production de services";"currentAsset";;;;;"false";"false";"false";1
394100;394000;"Études en cours (même ventilation que celle du compte 341)";"currentAsset";;;;;"false";"false";"false";1
394500;394000;"Prestations de services en cours (même ventilation que celle du compte 345)";"currentAsset";;;;;"false";"false";"false";1
395000;390;"Provisions pour dépréciation des stocks de produits";"currentAsset";;;;;"false";"false";"false";1
395100;395000;"Produits intermédiaires (même ventilation que celle du compte 351)";"currentAsset";;;;;"false";"false";"false";1
395500;395000;"Produits finis (même ventilation que celle du compte 355)";"currentAsset";;;;;"false";"false";"false";1
397000;390;"Provisions pour dépréciation des stocks de marchandises";"currentAsset";;;;;"false";"false";"false";1
397100;397000;"Marchandises (ou groupe) A";"currentAsset";;;;;"false";"false";"false";1
397200;397000;"Marchandises (ou groupe) B";"currentAsset";;;;;"false";"false";"false";1
400;"CL4";"Fournisseurs et comptes rattachés";"view";;;;;"true";"false";"false";1
400000;400;"Fournisseurs et comptes rattachés ";"payable";"true";"true";;;"false";"false";"false";1
401;400;"Fournisseurs";"payable";;;;;"false";"false";"false";1
401100;401;"Fournisseurs - Achats de biens et prestations de services";"payable";"true";"true";;;"false";"true";"true";1
401700;401;"Fournisseurs - Retenues de garantie";"payable";"true";"true";;;"false";"true";"true";1
403000;400;"Fournisseurs - Effets à payer";"payable";"true";"true";;;"false";"false";"false";1
404000;400;"Fournisseurs d'immobilisations";"payable";"true";"true";;;"false";"false";"false";1
404100;404000;"Fournisseurs - Achats d'immobilisations";"payable";"true";"true";;;"false";"false";"false";1
404700;404000;"Fournisseurs d'immobilisations - Retenues de garantie";"payable";"true";"true";;;"false";"false";"false";1
405000;400;"Fournisseurs d'immobilisations - Effets à payer";"payable";"true";"true";;;"false";"false";"false";1
408000;400;"Fournisseurs - Factures non parvenues";"payable";"true";"true";;;"false";"false";"false";1
408100;408000;"Fournisseurs";"payable";"true";"true";;;"false";"false";"false";1
408400;408000;"Fournisseurs d'immobilisations ";"payable";"true";"true";;;"false";"false";"false";1
408800;408000;"Fournisseurs - Intérêts courus";"payable";"true";"true";;;"false";"false";"false";1
409;400;"Fournisseurs débiteurs";"payable";;;;;"false";"false";"false";1
409100;409;"Fournisseurs - Avances et acomptes versés sur commandes";"currentAsset";"true";"true";;;"false";"false";"false";1
409600;409;"Fournisseurs - Créances pour emballages et matériel à rendre";"currentAsset";"true";"true";;;"false";"false";"false";1
409700;409;"Fournisseurs - Autres avoirs";"currentAsset";"true";"true";;;"false";"false";"false";1
409710;409700;"Fournisseurs d'exploitation";"currentAsset";"true";"true";;;"false";"false";"false";1
409740;409700;"Fournisseurs d'immobilisations";"currentAsset";"true";"true";;;"false";"false";"false";1
409800;409;"Rabais, remises, ristournes à obtenir et autres avoirs non encore reçus";"currentAsset";"true";"true";;;"false";"false";"false";1
410;"CL4";"Clients et comptes rattachés";"view";;;;;"true";"false";"false";1
410000;410;"Clients et comptes rattachés ";"receivable";"true";"true";;;"false";"false";"false";1
411;410;"Clients";"receivable";;;;;"false";"false";"false";1
411100;411;"Clients - Ventes de biens ou de prestations de services";"receivable";"true";"true";;;"false";"true";"true";1
411700;411;"Clients - Retenues de garantie";"receivable";"true";"true";;;"false";"true";"true";1
413000;410;"Clients - Effets à recevoir";"receivable";;;;;"false";"false";"false";1
416000;410;"Clients douteux ou litigieux";"receivable";"true";"true";;;"false";"false";"false";1
418000;410;"Clients - Produits non encore facturés";"receivable";"true";"true";;;"false";"false";"false";1
418100;418000;"Clients - Factures à établir ";"receivable";"true";"true";;;"false";"false";"false";1
418800;418000;"Clients - Intérêts courus";"receivable";"true";"true";;;"false";"false";"false";1
419000;410;"Clients créditeurs";"receivable";;;;;"false";"false";"false";1
419100;419000;"Clients - Avances et acomptes reçus sur commandes";"debt";"true";"true";;;"false";"false";"false";1
419600;419000;"Clients - Dettes pour emballages et matériels consignés ";"debt";"true";"true";;;"false";"false";"false";1
419700;419000;"Clients - Autres avoirs ";"debt";"true";"true";;;"false";"false";"false";1
419800;419000;"Rabais, remises, ristournes à accorder et autres avoirs à établir";"debt";"true";"true";;;"false";"false";"false";1
420;"CL4";"Personnel et comptes rattachés";"view";;;;;"true";"false";"false";1
421000;420;"Personnel - Rémunérations dues";"debt";;;;;"false";"false";"false";1
422000;420;"Comités d'entreprise d'établissement ";"debt";"true";"true";;;"false";"false";"false";1
424000;420;"Participation des salariés aux résultats";"debt";"true";"true";;;"false";"false";"false";1
424600;424000;"Réserve spéciale";"debt";;;;;"false";"false";"false";1
424800;424000;"Comptes courants";"debt";"true";"true";;;"false";"false";"false";1
425000;420;"Personnel - Avances et acomptes";"receivable";"true";"true";;;"false";"false";"false";1
426000;420;"Personnel - Dépôts";"debt";"true";"true";;;"false";"false";"false";1
427000;420;"Personnel - Oppositions";"debt";"true";"true";;;"false";"false";"false";1
428000;420;"Personnel - Charges à payer et produits à recevoir";"debt";"true";"true";;;"false";"false";"false";1
428200;428000;"Dettes provisionnées pour congés à payer";"debt";;;;;"false";"false";"false";1
428400;428000;"Dettes provisionnées pour participation des salariés aux résultats";"debt";;;;;"false";"false";"false";1
428600;428000;"Autres charges à payer";"debt";;;;;"false";"false";"false";1
428700;428000;"Produits à recevoir";"receivable";;;;;"false";"false";"false";1
430;"CL4";"Sécurité Sociale et autres organismes sociaux";"view";;;;;"true";"false";"false";1
431000;430;"Sécurité Sociale";"debt";;;;;"false";"false";"false";1
437000;430;"Autres organismes sociaux";"debt";;;;;"false";"false";"false";1
438000;430;"Organismes sociaux - Charges à payer et produits à recevoir";"debt";;;;;"false";"false";"false";1
438200;438000;"Charges sociales sur congés à payer ";"debt";;;;;"false";"false";"false";1
438600;438000;"Autres charges à payer";"debt";;;;;"false";"false";"false";1
438700;438000;"Produits à recevoir";"receivable";;;;;"false";"false";"false";1
440;"CL4";"Etat et autres collectivités publiques";"view";;;;;"true";"false";"false";1
441000;440;"État - Subventions à recevoir";"receivable";;;;;"false";"false";"false";1
441100;441000;"Subventions d'investissement";"receivable";;;;;"false";"false";"false";1
441700;441000;"Subventions d'exploitation";"receivable";;;;;"false";"false";"false";1
441800;441000;"Subventions d'équilibre";"receivable";;;;;"false";"false";"false";1
441900;441000;"Avances sur subventions";"receivable";;;;;"false";"false";"false";1
442000;440;"État -Impôts et taxes recouvrables sur des tiers ";"tax";;;;;"false";"false";"false";1
442400;442000;"Obligataires";"tax";;;;;"false";"false";"false";1
442500;442000;"Associés";"tax";;;;;"false";"false";"false";1
443000;440;"Opérations particulières avec l'État, les collectivités publiques, les organismes internationaux";"tax";;;;;"false";"false";"false";1
443100;443000;"Créances sur l'État résultant de la suppression de la règle du décalage d'un mois en matière de TVA";"receivable";;;;;"false";"false";"false";1
443800;443000;"Intérêts courus sur créances figurant au compte 4431";"tax";;;;;"false";"false";"false";1
444000;440;"État - Impôts sur les bénéfices";"tax";;;;;"false";"false";"false";1
445000;440;"État - Taxes sur le chiffre d'affaires";"tax";;;;;"false";"false";"false";1
445200;445000;"TVA due intracommunautaire";"tax";;;;;"false";"false";"false";1
445201;445000;"TVA due intracommunautaire taux normal";"tax";;;;;"false";"false";"false";1
445202;445000;"TVA due intracommunautaire taux réduit";"tax";;;;;"false";"false";"false";1
445203;445000;"TVA due intracommunautaire (autre taux)";"tax";;;;;"false";"false";"false";1
445500;445000;"Taxes sur le chiffre d'affaires à décaisser";"tax";;;;;"false";"false";"false";1
445510;445500;"TVA à décaisser";"tax";;;;;"false";"false";"false";1
445511;445510;"TVA N à décaisser taux normal";"tax";;;;;"false";"false";"false";1
445512;445510;"TVA R1 à décaisser taux intermédiaire";"tax";;;;;"false";"false";"false";1
445513;445510;"TVA R2 à décaisser taux réduit";"tax";;;;;"false";"false";"false";1
445514;445510;"TVA décaissée (autre taux : U...)";"tax";;;;;"false";"false";"false";1
445580;445500;"Taxes assimilées à la TVA";"tax";;;;;"false";"false";"false";1
445600;445000;"Taxes sur le chiffre d'affaires déductibles";"tax";;;;;"false";"false";"false";1
445620;445600;"TVA sur immobilisations";"tax";;;;;"false";"false";"false";1
445630;445600;"TVA transférée par d'autres entreprises";"tax";;;;;"false";"false";"false";1
445660;445600;"TVA sur autres biens et services";"tax";;;;;"false";"false";"false";1
445662;445600;"TVA déductible intracommunautaire";"tax";;;;;"false";"false";"false";1
445670;445600;"Crédit de TVA à reporter";"tax";;;;;"false";"false";"false";1
445680;445600;"Taxes assimilées à la TVA";"tax";;;;;"false";"false";"false";1
445700;445000;"Taxes sur le chiffre d'affaires collectées par l'entreprise";"tax";;;;;"false";"false";"false";1
445710;445700;"TVA collectée";"tax";;;;;"false";"false";"false";1
445711;445710;"TVA N collectée taux normal";"tax";;;;;"false";"false";"false";1
445712;445710;"TVA R1 collectée taux intermédiaire";"tax";;;;;"false";"false";"false";1
445713;445710;"TVA R2 collectée taux réduit";"tax";;;;;"false";"false";"false";1
445714;445710;"TVA collectée (autre taux : U...)";"tax";;;;;"false";"false";"false";1
445780;445700;"Taxes assimilées à la TVA";"tax";;;;;"false";"false";"false";1
445800;445000;"Taxes sur le chiffre d'affaires à régulariser ou en attente";"tax";;;;;"false";"false";"false";1
445810;445800;"Acomptes - Régime simplifié d'imposition";"tax";;;;;"false";"false";"false";1
445820;445800;"Acomptes - Régime du forfait";"tax";;;;;"false";"false";"false";1
445830;445800;"Remboursement de taxes sur le chiffre d'affaires demandé";"tax";;;;;"false";"false";"false";1
445840;445800;"TVA récupérée d'avance";"tax";;;;;"false";"false";"false";1
445860;445800;"Taxes sur le chiffre d'affaires sur factures non parvenues";"tax";;;;;"false";"false";"false";1
445870;445800;"Taxes sur le chiffre d'affaires sur factures à établir";"tax";;;;;"false";"false";"false";1
446000;440;"Obligations cautionnées";"tax";;;;;"false";"false";"false";1
447000;440;"Autres impôts, taxes et versements assimilés";"tax";;;;;"false";"false";"false";1
448000;440;"État - Charges à payer et produits à recevoir";"tax";;;;;"false";"false";"false";1
448200;448000;"Charges fiscales sur congés à payer ";"tax";;;;;"false";"false";"false";1
448600;448000;"Charges à payer";"tax";;;;;"false";"false";"false";1
448700;448000;"Produits à recevoir";"tax";;;;;"false";"false";"false";1
449000;440;"Quotas d'émission à restituer à l'État";"tax";;;;;"false";"false";"false";1
450;"CL4";"Groupe et associés";"view";;;;;"true";"false";"false";1
451000;450;"Groupe";"receivable";;;;;"false";"false";"false";1
455000;450;"Associés - Comptes courants";"receivable";"true";"true";;;"false";"false";"false";1
455100;455000;"Principal";"receivable";"true";"true";;;"false";"false";"false";1
455800;455000;"Intérêts courus";"receivable";"true";"true";;;"false";"false";"false";1
456000;450;"Associés - Opérations sur le capital";"receivable";"true";"true";;;"false";"false";"false";1
456100;456000;"Associés - Comptes d'apport en société";"receivable";"true";"true";;;"false";"false";"false";1
456110;456100;"Apports en nature";"receivable";"true";"true";;;"false";"false";"false";1
456150;456100;"Apports en numéraire";"receivable";"true";"true";;;"false";"false";"false";1
456200;456000;"Apporteurs - Capital appelé, non versé";"receivable";"true";"true";;;"false";"false";"false";1
456210;456200;"Actionnaires - Capital souscrit et appelé, non versé";"receivable";"true";"true";;;"false";"false";"false";1
456250;456200;"Associés - Capital appelé, non versé";"receivable";"true";"true";;;"false";"false";"false";1
456300;456000;"Associés - Versements reçus sur augmentation de capital";"receivable";"true";"true";;;"false";"false";"false";1
456400;456000;"Associés - Versements anticipés";"receivable";"true";"true";;;"false";"false";"false";1
456600;456000;"Actionnaires défaillants";"receivable";"true";"true";;;"false";"false";"false";1
456700;456000;"Associés - Capital à rembourser";"receivable";"true";"true";;;"false";"false";"false";1
457000;450;"Associés - Dividendes à payer";"debt";"true";"true";;;"false";"false";"false";1
458000;450;"Associés - Opérations faites en commun et en GIE";"receivable";"true";"true";;;"false";"false";"false";1
458100;458000;"Opérations courantes";"receivable";"true";"true";;;"false";"false";"false";1
458800;458000;"Intérêts courus";"receivable";"true";"true";;;"false";"false";"false";1
460;"CL4";"Débiteurs divers et créditeurs divers";"view";;;;;"true";"false";"false";1
462000;460;"Créances sur cessions d'immobilisations";"receivable";"true";"true";;;"false";"false";"false";1
464000;460;"Dettes sur acquisitions de valeurs mobilières de placement";"debt";"true";"true";;;"false";"false";"false";1
465000;460;"Créances sur cessions de valeurs mobilières de placement";"receivable";"true";"true";;;"false";"false";"false";1
467000;460;"Autres comptes débiteurs ou créditeurs";"view";"true";"true";;;"true";"false";"false";1
468000;460;"Divers - Charges à payer et produits à recevoir";"receivable";;;;;"false";"false";"false";1
468600;468000;"Charges à payer";"debt";;;;;"false";"false";"false";1
468700;468000;"Produits à recevoir";"receivable";;;;;"false";"false";"false";1
470;"CL4";"Comptes transitoires ou d'attente";"view";;;;;"true";"false";"false";1
471000;470;"Comptes d'attente 1";"receivable";;;;;"false";"false";"false";1
472000;470;"Comptes d'attente 2";"receivable";;;;;"false";"false";"false";1
473000;470;"Comptes d'attente 3";"receivable";;;;;"false";"false";"false";1
474000;470;"Comptes d'attente 4";"receivable";;;;;"false";"false";"false";1
475000;470;"Comptes d'attente 5";"receivable";;;;;"false";"false";"false";1
476000;470;"Différences de conversion - ACTIF";"receivable";;;;;"false";"false";"false";1
476100;476000;"Diminution des créances";"receivable";;;;;"false";"false";"false";1
476200;476000;"Augmentation des dettes";"receivable";;;;;"false";"false";"false";1
476800;476000;"Différences compensées par couverture de change";"receivable";;;;;"false";"false";"false";1
477000;470;"Différences de conversion - PASSIF";"debt";;;;;"false";"false";"false";1
477100;477000;"Augmentation des créances";"debt";;;;;"false";"false";"false";1
477200;477000;"Diminution des dettes";"debt";;;;;"false";"false";"false";1
477800;477000;"Différences compensées par couverture de change";"debt";;;;;"false";"false";"false";1
478000;470;"Autres comptes transitoires";"view";;;;;"true";"false";"false";1
480;"CL4";"Comptes de régularisation";"view";;;;;"true";"false";"false";1
481000;480;"Charges à répartir sur plusieurs exercices ";"receivable";;;;;"false";"false";"false";1
481600;481000;"Frais d'émission des emprunts";"receivable";;;;;"false";"false";"false";1
486000;480;"Charges constatées d'avance";"receivable";;;;;"false";"false";"false";1
487000;480;"Produits constatés d'avance";"debt";;;;;"false";"false";"false";1
488000;480;"Comptes de répartition périodique des charges et des produits";"view";;;;;"true";"false";"false";1
488600;488000;"Charges";"debt";;;;;"false";"false";"false";1
488700;488000;"Produits";"receivable";;;;;"false";"false";"false";1
489000;480;"Quotas d'émission alloués par l'État";"receivable";;;;;"false";"false";"false";1
490;"CL4";"Dépréciations des comptes de tiers";"view";;;;;"true";"false";"false";1
491000;490;"Dépréciation des comptes de clients";"debt";;;;;"false";"false";"false";1
495000;490;"Dépréciation des comptes du groupe et des associés";"debt";;;;;"false";"false";"false";1
495100;495000;"Comptes du groupe";"debt";;;;;"false";"false";"false";1
495500;495000;"Comptes courants des associés";"debt";;;;;"false";"false";"false";1
495800;495000;"Opérations faites en commun et en GIE";"debt";;;;;"false";"false";"false";1
496000;490;"Dépréciations des comptes de débiteurs divers";"receivable";;;;;"false";"false";"false";1
496200;496000;"Créances sur cessions d'immobilisations";"receivable";;;;;"false";"false";"false";1
496500;496000;"Créances sur cessions de valeurs mobilières de placement";"receivable";;;;;"false";"false";"false";1
496700;496000;"Autres comptes débiteurs";"receivable";;;;;"false";"false";"false";1
500;"CL5";"Valeurs mobilières de placement";"view";;;;;"true";"false";"false";1
501000;500;"Parts dans entreprises liées";"cash";;;;;"false";"false";"false";1
502000;500;"Actions propres";"cash";;;;;"false";"false";"false";1
503000;500;"Actions";"cash";;;;;"false";"false";"false";1
503100;503000;"Titres cotés";"cash";;;;;"false";"false";"false";1
503500;503000;"Titres non cotés";"cash";;;;;"false";"false";"false";1
504000;500;"Autres titres conférant un droit de propriété";"cash";;;;;"false";"false";"false";1
505000;500;"Obligations et bons émis par la société et rachetés par elle";"cash";;;;;"false";"false";"false";1
506000;500;"Obligations";"cash";;;;;"false";"false";"false";1
506100;506000;"Titres cotés";"cash";;;;;"false";"false";"false";1
506500;506000;"Titres non cotés";"cash";;;;;"false";"false";"false";1
507000;500;"Bons du Trésor et bons de caisse à court terme";"cash";;;;;"false";"false";"false";1
508000;500;"Autres valeurs mobilières de placement et autres créances assimilées";"cash";;;;;"false";"false";"false";1
508100;508000;"Autres valeurs mobilières";"cash";;;;;"false";"false";"false";1
508200;508000;"Bons de souscription";"cash";;;;;"false";"false";"false";1
508800;508000;"Intérêts courus sur obligations, bons et valeurs assimilées";"cash";;;;;"false";"false";"false";1
509000;500;"Versements restant à effectuer sur valeurs mobilières de placement non libérées";"cash";;;;;"false";"false";"false";1
510;"CL5";"Banques établissements financiers et assimilés";"view";;;;;"true";"false";"false";1
511000;510;"Valeurs à l'encaissement";"cash";;;;;"false";"false";"false";1
511100;511000;"Coupons échus à l'encaissement";"cash";;;;;"false";"false";"false";1
511200;511000;"Chèques à encaisser";"cash";;;;;"false";"false";"false";1
511300;511000;"Effets à l'encaissement";"cash";;;;;"false";"false";"false";1
511400;511000;"Effets à l'escompte";"cash";;;;;"false";"false";"false";1
511500;511000;"CB encaissées";"cash";;;;;"false";"false";"false";1
512;510;"Banques";"cash";;;;;"false";"false";"false";1
512100;512;"Comptes en monnaie nationale";"cash";;;;;"false";"false";"false";1
512400;512;"Comptes en devises";"cash";;;;;"false";"false";"false";1
514000;510;"Chèques postaux";"cash";;;;;"false";"false";"false";1
515000;510;"Caisses du Trésor et des établissements publics";"cash";;;;;"false";"false";"false";1
516000;510;"Sociétés de bourse";"cash";;;;;"false";"false";"false";1
517000;510;"Autres organismes financiers";"cash";;;;;"false";"false";"false";1
518000;510;"Intérêts courus";"cash";;;;;"false";"false";"false";1
518100;518000;"Intérêts courus à payer";"cash";;;;;"false";"false";"false";1
518800;518000;"Intérêts courus à recevoir";"cash";;;;;"false";"false";"false";1
519000;510;"Concours bancaires courants";"cash";;;;;"false";"false";"false";1
519100;519000;"Crédit de mobilisation de créances commerciales (CMCC)";"cash";;;;;"false";"false";"false";1
519300;519000;"Mobilisation de créances nées à l'étranger";"cash";;;;;"false";"false";"false";1
519800;519000;"Intérêts courus sur concours bancaires courants";"cash";;;;;"false";"false";"false";1
520;"CL5";"Instruments de trésorerie";"view";;;;;"true";"false";"false";1
530;"CL5";"Caisse";"view";;;;;"true";"false";"false";1
531000;530;"Caisse siège social";"cash";;;;;"false";"false";"false";1
531100;531000;"Caisse en monnaie nationale";"cash";;;;;"false";"false";"false";1
531400;531000;"Caisse en devises";"cash";;;;;"false";"false";"false";1
532000;530;"Caisse succursale (ou usine) A";"cash";;;;;"false";"false";"false";1
533000;530;"Caisse succursale (ou usine) B";"cash";;;;;"false";"false";"false";1
540;"CL5";"Régies d'avances et accréditifs";"view";;;;;"true";"false";"false";1
580;"CL5";"Virements internes";"view";;;;;"true";"false";"false";1
580100;580;"Virements internes";"cash";;;;;"false";"false";"false";1
580200;580;"Différence de caisse";"cash";;;;;"false";"false";"false";1
580300;580;"Ecarts de règlement";"cash";;;;;"false";"false";"false";1
590;"CL5";"Provisions pour dépréciation des comptes financiers";"view";;;;;"true";"false";"false";1
590000;590;"Provisions pour dépréciation des valeurs mobilières de placement";"cash";;;;;"false";"false";"false";1
590300;590;"Actions";"cash";;;;;"false";"false";"false";1
590400;590;"Autres titres conférant un droit de propriété ";"cash";;;;;"false";"false";"false";1
590600;590;"Obligations";"cash";;;;;"false";"false";"false";1
590800;590;"Autres valeurs mobilières de placement et créances assimilées (provisions)";"cash";;;;;"false";"false";"false";1
600;"CL6";"Achats(sauf 603)";"view";;;"true";"true";"true";"false";"false";1
601000;600;"Achats stockés - Matières premières (et fournitures)";"charge";;;"true";"true";"false";"false";"false";1
601100;601000;"Matières (ou groupe) A";"charge";;;"true";"true";"false";"false";"false";1
601200;601000;"Matières (ou groupe) B";"charge";;;"true";"true";"false";"false";"false";1
601700;601000;"Fournitures A, B, C, ..";"charge";;;"true";"true";"false";"false";"false";1
602000;600;"Achats stockés - Autres approvisionnements";"charge";;;"true";"true";"false";"false";"false";1
602100;602000;"Matières consommables";"charge";;;"true";"true";"false";"false";"false";1
602110;602100;"Matières (ou groupe) C";"charge";;;"true";"true";"false";"false";"false";1
602120;602100;"Matières (ou groupe) D";"charge";;;"true";"true";"false";"false";"false";1
602200;602000;"Fournitures consommables";"charge";;;"true";"true";"false";"false";"false";1
602210;602200;"Combustibles";"charge";;;"true";"true";"false";"false";"false";1
602220;602200;"Produits d'entretien";"charge";;;"true";"true";"false";"false";"false";1
602230;602200;"Fournitures d'atelier et d'usine";"charge";;;"true";"true";"false";"false";"false";1
602240;602200;"Fournitures de magasin";"charge";;;"true";"true";"false";"false";"false";1
602250;602200;"Fournitures de bureau";"charge";;;"true";"true";"false";"false";"false";1
602600;602000;"Emballages";"charge";;;"true";"true";"false";"false";"false";1
602610;602600;"Emballages perdus";"charge";;;"true";"true";"false";"false";"false";1
602650;602600;"Emballages récupérables non identifiables";"charge";;;"true";"true";"false";"false";"false";1
602670;602600;"Emballages à usage mixte";"charge";;;"true";"true";"false";"false";"false";1
603000;600;"Variation des stocks (approvisionnements et marchandises)";"charge";;;"true";"true";"false";"false";"false";1
603100;603000;"Variation des stocks de matières premières (et fournitures)";"charge";;;"true";"true";"false";"false";"false";1
603200;603000;"Variation des stocks des autres approvisionnements";"charge";;;"true";"true";"false";"false";"false";1
603700;603000;"Variation des stocks de marchandises";"charge";;;"true";"true";"false";"false";"false";1
604000;600;"Achats d'études et prestations de services";"charge";;;"true";"true";"false";"false";"false";1
605000;600;"Achats de matériel équipements et travaux";"charge";;;"true";"true";"false";"false";"false";1
606000;600;"Achats non stockés de matières et fournitures";"charge";;;"true";"true";"false";"false";"false";1
606100;606000;"Fournitures non stockables (eau, énergie...) ";"charge";;;"true";"true";"false";"false";"false";1
606300;606000;"Fournitures d'entretien et de petit équipement";"charge";;;"true";"true";"false";"false";"false";1
606400;606000;"Fournitures administratives";"charge";;;"true";"true";"false";"false";"false";1
606800;606000;"Autres matières et fournitures";"charge";;;"true";"true";"false";"false";"false";1
607000;600;"Achats de marchandises";"charge";;;"true";"true";"false";"false";"false";1
607100;607000;"Marchandise (ou groupe) A";"charge";;;"true";"true";"false";"false";"false";1
607200;607000;"Marchandise (ou groupe) B";"charge";;;"true";"true";"false";"false";"false";1
608000;600;"Frais accessoires incorporés aux achats";"charge";;;"true";"true";"false";"false";"false";1
609000;600;"Rabais, remises et ristournes obtenus sur achats";"charge";;;"true";"true";"false";"false";"false";1
609100;609000;"- de matières premières (et fournitures)";"charge";;;"true";"true";"false";"false";"false";1
609200;609000;"- d'autres approvisionnements stockés";"charge";;;"true";"true";"false";"false";"false";1
609400;609000;"- d'études et prestations de services";"charge";;;"true";"true";"false";"false";"false";1
609500;609000;"- de matériel, équipements et travaux";"charge";;;"true";"true";"false";"false";"false";1
609600;609000;"- d'approvisionnements non stockés";"charge";;;"true";"true";"false";"false";"false";1
609700;609000;"- de marchandises";"charge";;;"true";"true";"false";"false";"false";1
609800;609000;"Rabais, remises et ristournes non affectés";"charge";;;"true";"true";"false";"false";"false";1
610;"CL6";"Services extérieurs";"view";;;"true";"true";"true";"false";"false";1
611000;610;"Sous-traitance générale";"charge";;;"true";"true";"false";"false";"false";1
612000;610;"Redevances de crédit-bail";"charge";;;"true";"true";"false";"false";"false";1
612200;612000;"Crédit-bail mobilier";"charge";;;"true";"true";"false";"false";"false";1
612500;612000;"Crédit-bail immobilier";"charge";;;"true";"true";"false";"false";"false";1
613000;610;"Locations";"charge";;;"true";"true";"false";"false";"false";1
613200;613000;"Locations immobilières";"charge";;;"true";"true";"false";"false";"false";1
613500;613000;"Locations mobilières";"charge";;;"true";"true";"false";"false";"false";1
613600;613000;"Malis sur emballages";"charge";;;"true";"true";"false";"false";"false";1
614000;610;"Charges locatives et de copropriété";"charge";;;"true";"true";"false";"false";"false";1
615000;610;"Entretien et réparations";"charge";;;"true";"true";"false";"false";"false";1
615200;615000;"- sur biens immobiliers";"charge";;;"true";"true";"false";"false";"false";1
615500;615000;"- sur biens mobiliers";"charge";;;"true";"true";"false";"false";"false";1
615600;615000;"Maintenance";"charge";;;"true";"true";"false";"false";"false";1
616000;610;"Primes d'assurance";"charge";;;"true";"true";"false";"false";"false";1
616100;616000;"Multirisques";"charge";;;"true";"true";"false";"false";"false";1
616200;616000;"Assurance obligatoire dommage construction ";"charge";;;"true";"true";"false";"false";"false";1
616300;616000;"Assurance transport";"charge";;;"true";"true";"false";"false";"false";1
616360;616300;"Assurance transport sur achats";"charge";;;"true";"true";"false";"false";"false";1
616370;616300;"Assurance transportsur ventes";"charge";;;"true";"true";"false";"false";"false";1
616380;616300;"Assurance transport sur autres biens";"charge";;;"true";"true";"false";"false";"false";1
616400;616000;"Risques d'exploitation";"charge";;;"true";"true";"false";"false";"false";1
616500;616000;"Insolvabilité clients";"charge";;;"true";"true";"false";"false";"false";1
617000;610;"Études et recherches";"charge";;;"true";"true";"false";"false";"false";1
618000;610;"Divers";"charge";;;"true";"true";"false";"false";"false";1
618100;618000;"Documentation générale";"charge";;;"true";"true";"false";"false";"false";1
618300;618000;"Documentation technique";"charge";;;"true";"true";"false";"false";"false";1
618500;618000;"Frais de colloques, séminaires, conférences";"charge";;;"true";"true";"false";"false";"false";1
619000;610;"Rabais, remises et ristournes obtenus sur services extérieurs";"charge";;;"true";"true";"false";"false";"false";1
620;"CL6";"Autres services extérieurs";"view";;;"true";"true";"true";"false";"false";1
621000;620;"Personnel extérieur à l'entreprise";"charge";;;"true";"true";"false";"false";"false";1
621100;621000;"Personnel intérimaire";"charge";;;"true";"true";"false";"false";"false";1
621400;621000;"Personnel détaché ou prêté à l'entreprise";"charge";;;"true";"true";"false";"false";"false";1
622000;620;"Rémunérations d'intermédiaires et honoraires ";"charge";;;"true";"true";"false";"false";"false";1
622100;622000;"Commissions et courtages sur achats ";"charge";;;"true";"true";"false";"false";"false";1
622200;622000;"Commissions et courtages sur ventes";"charge";;;"true";"true";"false";"false";"false";1
622400;622000;"Rémunérations des transitaires";"charge";;;"true";"true";"false";"false";"false";1
622500;622000;"Rémunérations d'affacturage";"charge";;;"true";"true";"false";"false";"false";1
622600;622000;"Honoraires";"charge";;;"true";"true";"false";"false";"false";1
622700;622000;"Frais d'actes et de contentieux";"charge";;;"true";"true";"false";"false";"false";1
622800;622000;"Divers";"charge";;;"true";"true";"false";"false";"false";1
623000;620;"Publicité, publications, relations publiques";"charge";;;"true";"true";"false";"false";"false";1
623100;623000;"Annonces et insertions";"charge";;;"true";"true";"false";"false";"false";1
623200;623000;"Échantillons";"charge";;;"true";"true";"false";"false";"false";1
623300;623000;"Foires et expositions";"charge";;;"true";"true";"false";"false";"false";1
623400;623000;"Cadeaux à la clientèle";"charge";;;"true";"true";"false";"false";"false";1
623500;623000;"Primes";"charge";;;"true";"true";"false";"false";"false";1
623600;623000;"Catalogues et imprimés";"charge";;;"true";"true";"false";"false";"false";1
623700;623000;"Publications";"charge";;;"true";"true";"false";"false";"false";1
623800;623000;"Divers (pourboires, dons courants...)";"charge";;;"true";"true";"false";"false";"false";1
624000;620;"Transports de biens et transports collectifs du personnel";"charge";;;"true";"true";"false";"false";"false";1
624100;624000;"Transports sur achats";"charge";;;"true";"true";"false";"false";"false";1
624200;624000;"Transports sur ventes";"charge";;;"true";"true";"false";"false";"false";1
624300;624000;"Transports entre établissements ou chantiers";"charge";;;"true";"true";"false";"false";"false";1
624400;624000;"Transports administratifs";"charge";;;"true";"true";"false";"false";"false";1
624700;624000;"Transports collectifs du personnel";"charge";;;"true";"true";"false";"false";"false";1
624800;624000;"Divers";"charge";;;"true";"true";"false";"false";"false";1
625000;620;"Déplacements missions et réceptions";"charge";;;"true";"true";"false";"false";"false";1
625100;625000;"Voyages et déplacements";"charge";;;"true";"true";"false";"false";"false";1
625500;625000;"Frais de déménagement";"charge";;;"true";"true";"false";"false";"false";1
625600;625000;"Missions";"charge";;;"true";"true";"false";"false";"false";1
625700;625000;"Réceptions";"charge";;;"true";"true";"false";"false";"false";1
626000;620;"Frais postaux et frais de télécommunications";"charge";;;"true";"true";"false";"false";"false";1
627000;620;"Services bancaires et assimilés";"charge";;;"true";"true";"false";"false";"false";1
627100;627000;"Frais sur titres (achat, vente, garde)";"charge";;;"true";"true";"false";"false";"false";1
627200;627000;"Commissions et frais sur émission d'emprunts";"charge";;;"true";"true";"false";"false";"false";1
627500;627000;"Frais sur effets";"charge";;;"true";"true";"false";"false";"false";1
627600;627000;"Location de coffres";"charge";;;"true";"true";"false";"false";"false";1
627800;627000;"Autres frais et commissions sur prestations de services";"charge";;;"true";"true";"false";"false";"false";1
628000;620;"Divers";"charge";;;"true";"true";"false";"false";"false";1
628100;628000;"Concours divers (cotisations...)";"charge";;;"true";"true";"false";"false";"false";1
628400;628000;"Frais de recrutement de personnel";"charge";;;"true";"true";"false";"false";"false";1
629000;620;"Rabais, remises et ristournes obtenus sur autres services extérieurs";"charge";;;"true";"true";"false";"false";"false";1
630;"CL6";"Impôts, taxes et versements assimilés";"view";;;"true";"true";"true";"false";"false";1
631000;630;"Impôts, taxes et versements assimilés sur rémunérations (administration des impôts)";"charge";;;"true";"true";"false";"false";"false";1
631100;631000;"Taxe sur les salaires";"charge";;;"true";"true";"false";"false";"false";1
631200;631000;"Taxe d'apprentissage";"charge";;;"true";"true";"false";"false";"false";1
631300;631000;"Participation des employeurs à la formation professionnelle continue";"charge";;;"true";"true";"false";"false";"false";1
631400;631000;"Cotisation pour défaut d'investissement obligatoire dans la construction";"charge";;;"true";"true";"false";"false";"false";1
631800;631000;"Autres";"charge";;;"true";"true";"false";"false";"false";1
633000;630;"Impôts, taxes et versements assimilés sur rémunérations (autres organismes)";"charge";;;"true";"true";"false";"false";"false";1
633100;633000;"Versement de transport";"charge";;;"true";"true";"false";"false";"false";1
633200;633000;"Allocation logement";"charge";;;"true";"true";"false";"false";"false";1
633300;633000;"Participation des employeurs à la formation professionnelle continue";"charge";;;"true";"true";"false";"false";"false";1
633400;633000;"Participation des employeurs à l'effort de construction";"charge";;;"true";"true";"false";"false";"false";1
633500;633000;"Versements libératoires ouvrant droit à l'exonération de la taxe d'apprentissage";"charge";;;"true";"true";"false";"false";"false";1
633800;633000;"Autres";"charge";;;"true";"true";"false";"false";"false";1
635000;630;"Autres impôts, taxes et versements assimilés (administration des impôts)";"charge";;;"true";"true";"false";"false";"false";1
635100;635000;"Impôts directs (sauf impôts sur les bénéfices)";"charge";;;"true";"true";"false";"false";"false";1
635110;635100;"Taxe professionnelle";"charge";;;"true";"true";"false";"false";"false";1
635120;635100;"Taxes foncières";"charge";;;"true";"true";"false";"false";"false";1
635130;635100;"Autres impôts locaux";"charge";;;"true";"true";"false";"false";"false";1
635140;635100;"Taxe sur les véhicules des sociétés";"charge";;;"true";"true";"false";"false";"false";1
635200;635000;"Taxes sur le chiffre d'affaires non récupérables ";"charge";;;"true";"true";"false";"false";"false";1
635300;635000;"Impôts indirects";"charge";;;"true";"true";"false";"false";"false";1
635400;635000;"Droits d'enregistrement et de timbre";"charge";;;"true";"true";"false";"false";"false";1
635410;635400;"Droits de mutation";"charge";;;"true";"true";"false";"false";"false";1
635800;635000;"Autres droits";"charge";;;"true";"true";"false";"false";"false";1
637000;630;"Autres impôts, taxes et versements assimilés (autres organismes)";"charge";;;"true";"true";"false";"false";"false";1
637100;637000;"Contribution sociale de solidarité à la charge des sociétés";"charge";;;"true";"true";"false";"false";"false";1
637200;637000;"Taxes perçues par les organismes publics internationaux";"charge";;;"true";"true";"false";"false";"false";1
637400;637000;"Impôts et taxes exigibles à l'étranger";"charge";;;"true";"true";"false";"false";"false";1
637800;637000;"Taxes diverses";"charge";;;"true";"true";"false";"false";"false";1
640;"CL6";"Charges de personnel";"view";;;"true";"true";"true";"false";"false";1
641000;640;"Rémunérations du personnel";"charge";;;"true";"true";"false";"false";"false";1
641100;641000;"Salaires et appointements";"charge";;;"true";"true";"false";"false";"false";1
641200;641000;"Congés payés";"charge";;;"true";"true";"false";"false";"false";1
641300;641000;"Primes et gratifications";"charge";;;"true";"true";"false";"false";"false";1
641400;641000;"Indemnités et avantages divers";"charge";;;"true";"true";"false";"false";"false";1
641500;641000;"Supplément familial";"charge";;;"true";"true";"false";"false";"false";1
644000;640;"Rémunération du travail de l'exploitant";"charge";;;"true";"true";"false";"false";"false";1
645;640;"Charges de Sécurité sociale et de prévoyance";"charge";;;"true";"true";"false";"false";"false";1
645100;645;"Cotisations à l'URSSAF";"charge";;;"true";"true";"false";"false";"false";1
645200;645;"Cotisations aux mutuelles";"charge";;;"true";"true";"false";"false";"false";1
645300;645;"Cotisations aux caisses de retraites";"charge";;;"true";"true";"false";"false";"false";1
645400;645;"Cotisations aux ASSEDIC";"charge";;;"true";"true";"false";"false";"false";1
645800;645;"Cotisations aux autres organismes sociaux";"charge";;;"true";"true";"false";"false";"false";1
646;640;"Cotisations sociales personnelles de l'exploitant";"charge";;;"true";"true";"false";"false";"false";1
647000;640;"Autres charges sociales";"charge";;;"true";"true";"false";"false";"false";1
647100;647000;"Prestations directes";"charge";;;"true";"true";"false";"false";"false";1
647200;647000;"Versements aux comités d'entreprise et d'établissement";"charge";;;"true";"true";"false";"false";"false";1
647300;647000;"Versements aux comités d'hygiène et de sécurité";"charge";;;"true";"true";"false";"false";"false";1
647400;647000;"Versements aux autres oeuvres sociales";"charge";;;"true";"true";"false";"false";"false";1
647500;647000;"Médecine du travail pharmacie";"charge";;;"true";"true";"false";"false";"false";1
648000;640;"Autres charges de personnel";"charge";;;"true";"true";"false";"false";"false";1
650;"CL6";"Autres charges de gestion courante";"view";;;"true";"true";"true";"false";"false";1
651000;650;"Redevances pour concessions, brevets, licences, marques, procédés, logiciels, droits et valeurs similaires";"charge";;;"true";"true";"false";"false";"false";1
651100;651000;"Redevances pour concessions brevets, licences, marques, procédés, logiciels ";"charge";;;"true";"true";"false";"false";"false";1
651600;651000;"Droits d'auteur et de reproduction";"charge";;;"true";"true";"false";"false";"false";1
651800;651000;"Autres droits et valeurs similaires";"charge";;;"true";"true";"false";"false";"false";1
653000;650;"Jetons de présence";"charge";;;"true";"true";"false";"false";"false";1
654000;650;"Pertes sur créances irrécouvrables";"charge";;;"true";"true";"false";"false";"false";1
654100;654000;"Créances de l'exercice";"charge";;;"true";"true";"false";"false";"false";1
654400;654000;"Créances des exercices antérieurs";"charge";;;"true";"true";"false";"false";"false";1
655000;650;"Quotes-parts de résultat sur opérations faites en commun";"charge";;;"true";"true";"false";"false";"false";1
655100;655000;"Quote-part de bénéfice transférée (comptabilité du gérant)";"charge";;;"true";"true";"false";"false";"false";1
655500;655000;"Quote-part de perte supportée (comptabilité des associés non gérants)";"charge";;;"true";"true";"false";"false";"false";1
658000;650;"Charges diverses de gestion courante";"charge";;;"true";"true";"false";"false";"false";1
660;"CL6";"Charges financières";"view";;;"true";"true";"true";"false";"false";1
661000;660;"Charges d'intérêt";"charge";;;"true";"true";"false";"false";"false";1
661100;661000;"Intérêts des emprunts et dettes";"charge";;;"true";"true";"false";"false";"false";1
661160;661100;"Intérêts des emprunts et dettes assimilées";"charge";;;"true";"true";"false";"false";"false";1
661170;661100;"Intérêts des dettes rattachées à des participations";"charge";;;"true";"true";"false";"false";"false";1
661500;661000;"Intérêts des comptes courants et des dépôts créditeurs";"charge";;;"true";"true";"false";"false";"false";1
661600;661000;"Intérêts bancaires et sur opérations de financement (escompte, ...)";"charge";;;"true";"true";"false";"false";"false";1
661700;661000;"Intérêts des obligations cautionnées";"charge";;;"true";"true";"false";"false";"false";1
661800;661000;"Intérêts des autres dettes";"charge";;;"true";"true";"false";"false";"false";1
661810;661800;"Intérêts des dettes commerciales";"charge";;;"true";"true";"false";"false";"false";1
661880;661800;"Intérêts des dettes diverses";"charge";;;"true";"true";"false";"false";"false";1
664000;660;"Pertes sur créances liées à des participations";"charge";;;"true";"true";"false";"false";"false";1
665000;660;"Escomptes accordés";"charge";;;"true";"true";"false";"false";"false";1
666000;660;"Pertes de change";"charge";;;"true";"true";"false";"false";"false";1
667000;660;"Charges nettes sur cessions de valeurs mobilières de placement";"charge";;;"true";"true";"false";"false";"false";1
668000;660;"Autres charges financières";"charge";;;"true";"true";"false";"false";"false";1
670;"CL6";"Charges exceptionnelles";"view";;;"true";"true";"true";"false";"false";1
671000;670;"Charges exceptionnelles sur opérations de gestion";"charge";;;"true";"true";"false";"false";"false";1
671100;671000;"Pénalités sur marchés (et dédits payés sur achats et ventes)";"charge";;;"true";"true";"false";"false";"false";1
671200;671000;"Pénalités, amendes fiscales et pénales ";"charge";;;"true";"true";"false";"false";"false";1
671300;671000;"Dons, libéralités";"charge";;;"true";"true";"false";"false";"false";1
671400;671000;"Créances devenues irrécouvrables dans l'exercice";"charge";;;"true";"true";"false";"false";"false";1
671500;671000;"Subventions accordées";"charge";;;"true";"true";"false";"false";"false";1
671700;671000;"Rappels d'impôts (autres qu'impôts sur les bénéfices)";"charge";;;"true";"true";"false";"false";"false";1
671800;671000;"Autres charges exceptionnelles sur opération de gestion";"charge";;;"true";"true";"false";"false";"false";1
672000;670;"Charges sur exercices antérieurs (en cours d'exercice seulement)";"charge";;;"true";"true";"false";"false";"false";1
675000;670;"Valeurs comptables des éléments d'actif cédés";"charge";;;"true";"true";"false";"false";"false";1
675100;675000;"Immobilisations incorporelles";"charge";;;"true";"true";"false";"false";"false";1
675200;675000;"Immobilisations corporelles";"charge";;;"true";"true";"false";"false";"false";1
675600;675000;"Immobilisations financières";"charge";;;"true";"true";"false";"false";"false";1
675800;675000;"Autres éléments d'actif";"charge";;;"true";"true";"false";"false";"false";1
678000;670;"Autres charges exceptionnelles";"charge";;;"true";"true";"false";"false";"false";1
678100;678000;"Malis provenant de clauses d'indexation ";"charge";;;"true";"true";"false";"false";"false";1
678200;678000;"Lots";"charge";;;"true";"true";"false";"false";"false";1
678300;678000;"Malis provenant du rachat par l'entreprise d'actions et obligations émises par elle-même";"charge";;;"true";"true";"false";"false";"false";1
678800;678000;"Charges exceptionnelles diverses";"charge";;;"true";"true";"false";"false";"false";1
680;"CL6";"Dotations aux amortissements, dépréciations et provisions";"view";;;"true";"true";"true";"false";"false";1
681000;680;"Dotations aux amortissements, dépréciations et provisions - Charges d'exploitation, Amortisation, depreciation and provisions - Operating expenses";"charge";;;"true";"true";"false";"false";"false";1
681100;681000;"Dotations aux amortissements des immobilisations incorporelles et corporelles ";"charge";;;"true";"true";"false";"false";"false";1
681110;681100;"Immobilisations incorporelles";"charge";;;"true";"true";"false";"false";"false";1
681120;681100;"Immobilisations corporelles";"charge";;;"true";"true";"false";"false";"false";1
681200;681000;"Dotations aux amortissements des charges d'exploitation à répartir";"charge";;;"true";"true";"false";"false";"false";1
681500;681000;"Dotations aux provisions pour risques et charges d'exploitation";"charge";;;"true";"true";"false";"false";"false";1
681600;681000;"Dotations pour dépréciations des immobilisations incorporelles et corporelles";"charge";;;"true";"true";"false";"false";"false";1
681610;681600;"Immobilisations incorporelles";"charge";;;"true";"true";"false";"false";"false";1
681620;681600;"Immobilisations corporelles";"charge";;;"true";"true";"false";"false";"false";1
681700;681000;"Dotations aux provisions pour dépréciation des actifs circulants";"charge";;;"true";"true";"false";"false";"false";1
681730;681700;"Stocks et en-cours";"charge";;;"true";"true";"false";"false";"false";1
681740;681700;"Créances";"charge";;;"true";"true";"false";"false";"false";1
686000;680;"Dotations aux amortissements, dépréciations et provisions - Charges financières";"charge";;;"true";"true";"false";"false";"false";1
686100;686000;"Dotations aux amortissements des primes de remboursement des obligations";"charge";;;"true";"true";"false";"false";"false";1
686500;686000;"Dotations aux provisions pour risques et charges financiers";"charge";;;"true";"true";"false";"false";"false";1
686600;686000;"Dotations aux dépréciation des éléments financiers";"charge";;;"true";"true";"false";"false";"false";1
686620;686600;"Immobilisations financières";"charge";;;"true";"true";"false";"false";"false";1
686650;686600;"Valeurs mobilières de placement";"charge";;;"true";"true";"false";"false";"false";1
686800;686000;"Autres dotations";"charge";;;"true";"true";"false";"false";"false";1
687000;680;"Dotations aux amortissements, dépréciations et provisions - Charges exceptionnelles";"charge";;;"true";"true";"false";"false";"false";1
687100;687000;"Dotations aux amortissements exceptionnels des immobilisations";"charge";;;"true";"true";"false";"false";"false";1
687200;687000;"Dotations aux provisions réglementées (immobilisations)";"charge";;;"true";"true";"false";"false";"false";1
687250;687200;"Amortissements dérogatoires";"charge";;;"true";"true";"false";"false";"false";1
687300;687000;"Dotations aux provisions réglementées (stocks)";"charge";;;"true";"true";"false";"false";"false";1
687400;687000;"Dotations aux autres provisions réglementées";"charge";;;"true";"true";"false";"false";"false";1
687500;687000;"Dotations aux provisions exceptionnelles";"charge";;;"true";"true";"false";"false";"false";1
687600;687000;"Dotations aux dépréciations exceptionnelles";"charge";;;"true";"true";"false";"false";"false";1
690;"CL6";"Participation des salariés - Impôts sur les bénéfices et assimilés";"view";;;"true";"true";"true";"false";"false";1
691000;690;"Participation des salariés aux résultats";"charge";;;"true";"true";"false";"false";"false";1
695000;690;"Impôts sur les bénéfices";"charge";;;"true";"true";"false";"false";"false";1
695100;695000;"Impôts dus en France";"charge";;;"true";"true";"false";"false";"false";1
695200;695000;"Contribution additionnelle à l'impôt sur les bénéfices";"charge";;;"true";"true";"false";"false";"false";1
695400;695000;"Impôts dus à l'étranger";"charge";;;"true";"true";"false";"false";"false";1
696000;690;"Supplément d'impôt sur les sociétés lié aux distributions";"charge";;;"true";"true";"false";"false";"false";1
697000;690;"Imposition forfaitaire annuelle des sociétés";"charge";;;"true";"true";"false";"false";"false";1
698000;690;"Intégration fiscale";"charge";;;"true";"true";"false";"false";"false";1
698100;698000;"Intégration fiscale - Charges";"charge";;;"true";"true";"false";"false";"false";1
698900;698000;"Intégration fiscale - Produits";"charge";;;"true";"true";"false";"false";"false";1
699000;690;"Produits, Reports en arrière des déficits";"charge";;;"true";"true";"false";"false";"false";1
700;"CL7";"Ventes de produits fabriqués - Prestations de service - Marchandises";"view";;;"true";"true";"true";"false";"false";1
701000;700;"Ventes de produits finis";"income";;;"true";"true";"false";"false";"false";1
701200;701000;"Produits finis (ou groupe) B";"income";;;"true";"true";"false";"false";"false";1
702000;700;"Ventes de produits intermédiaires";"income";;;"true";"true";"false";"false";"false";1
703000;700;"Ventes de produits résiduels";"income";;;"true";"true";"false";"false";"false";1
704000;700;"Travaux";"income";;;"true";"true";"false";"false";"false";1
704100;704000;"Travaux de catégorie (ou activité) A";"income";;;"true";"true";"false";"false";"false";1
704200;704000;"Travaux de catégorie (ou activité) B";"income";;;"true";"true";"false";"false";"false";1
705000;700;"Études";"income";;;"true";"true";"false";"false";"false";1
706000;700;"Prestations de services";"income";;;"true";"true";"false";"false";"false";1
707000;700;"Ventes de marchandises";"income";;;"true";"true";"false";"false";"false";1
707100;707000;"Marchandises (ou groupe) A";"income";;;"true";"true";"false";"false";"false";1
707200;707000;"Marchandises (ou groupe) B";"income";;;"true";"true";"false";"false";"false";1
707210;707200;"Ventes de produits textiles";"income";;;"true";"true";"false";"false";"false";1
707300;707000;"Marchandises à l'exportation";"income";;;"true";"true";"false";"false";"false";1
708000;700;"Produits des activités annexes";"income";;;"true";"true";"false";"false";"false";1
708100;708000;"Produits des services exploités dans l'intérêt du personnel";"income";;;"true";"true";"false";"false";"false";1
708200;708000;"Commissions et courtages";"income";;;"true";"true";"false";"false";"false";1
708300;708000;"Locations diverses";"income";;;"true";"true";"false";"false";"false";1
708400;708000;"Mise à disposition de personnel facturée ";"income";;;"true";"true";"false";"false";"false";1
708500;708000;"Ports et frais accessoires facturés";"income";;;"true";"true";"false";"false";"false";1
708600;708000;"Bonis sur reprises d'emballages consignés";"income";;;"true";"true";"false";"false";"false";1
708700;708000;"Bonifications obtenues des clients et primes sur ventes";"income";;;"true";"true";"false";"false";"false";1
708800;708000;"Autres produits d'activités annexes (cessions d'approvisionnements...)";"income";;;"true";"true";"false";"false";"false";1
709000;700;"Rabais, remises et ristournes accordés par l'entreprise";"income";;;"true";"true";"false";"false";"false";1
709100;709000;"- sur ventes de produits finis";"income";;;"true";"true";"false";"false";"false";1
709200;709000;"- sur ventes de produits intermédiaires ";"income";;;"true";"true";"false";"false";"false";1
709400;709000;"- sur travaux";"income";;;"true";"true";"false";"false";"false";1
709500;709000;"- sur études";"income";;;"true";"true";"false";"false";"false";1
709600;709000;"- sur prestations de services";"income";;;"true";"true";"false";"false";"false";1
709700;709000;"- sur ventes de marchandises";"income";;;"true";"true";"false";"false";"false";1
709800;709000;"- sur produits des activités annexes";"income";;;"true";"true";"false";"false";"false";1
710;"CL7";"Production stockée (ou déstockage)";"view";;;"true";"true";"true";"false";"false";1
713000;710;"Variation des stocks (en-cours de production, produits)";"income";;;"true";"true";"false";"false";"false";1
713300;713000;"Variation des en-cours de production de biens";"income";;;"true";"true";"false";"false";"false";1
713310;713300;"Produits en cours";"income";;;"true";"true";"false";"false";"false";1
713350;713300;"Travaux en cours";"income";;;"true";"true";"false";"false";"false";1
713400;713000;"Variation des en-cours de production de services";"income";;;"true";"true";"false";"false";"false";1
713410;713400;"Études en cours";"income";;;"true";"true";"false";"false";"false";1
713450;713400;"Prestations de services en cours";"income";;;"true";"true";"false";"false";"false";1
713500;713000;"Variation des stocks de produits";"income";;;"true";"true";"false";"false";"false";1
713510;713500;"Produits intermédiaires ";"income";;;"true";"true";"false";"false";"false";1
713550;713500;"Produits finis";"income";;;"true";"true";"false";"false";"false";1
713580;713500;"Produits résiduels";"income";;;"true";"true";"false";"false";"false";1
720;"CL7";"Production immobilisée";"view";;;"true";"true";"true";"false";"false";1
721000;720;"Immobilisations incorporelles ";"income";;;"true";"true";"false";"false";"false";1
722000;720;"Immobilisations corporelles";"income";;;"true";"true";"false";"false";"false";1
740;"CL7";"Subventions d'exploitation";"view";;;"true";"true";"true";"false";"false";1
750;"CL7";"Autres produits de gestion courante";"view";;;"true";"true";"true";"false";"false";1
751000;750;"Redevances pour concessions, brevets, licences, marques, procédés, logiciels, droits et valeurs similaires";"income";;;"true";"true";"false";"false";"false";1
751100;751000;"Redevances pour concessions, brevets, licences, marques, procédés, logiciels ";"income";;;"true";"true";"false";"false";"false";1
751600;751000;"Droits d'auteur et de reproduction";"income";;;"true";"true";"false";"false";"false";1
751800;751000;"Autres droits et valeurs similaires";"income";;;"true";"true";"false";"false";"false";1
752000;750;"Revenus des immeubles non affectés aux activités professionnelles";"income";;;"true";"true";"false";"false";"false";1
753000;750;"Jetons de présence et rémunérations d'administrateurs, gérants...";"income";;;"true";"true";"false";"false";"false";1
754000;750;"Ristournes perçues des coopératives (provenant des excédents)";"income";;;"true";"true";"false";"false";"false";1
755000;750;"Quotes-parts de résultats sur opérations faites en commun";"income";;;"true";"true";"false";"false";"false";1
755100;755000;"Quote-part de perte transférée (comptabilité du gérant)";"income";;;"true";"true";"false";"false";"false";1
755500;755000;"Quote-part de bénéfice attribuée (comptabilité des associés non-gérants)";"income";;;"true";"true";"false";"false";"false";1
758000;750;"Produits divers de gestion courante";"income";;;"true";"true";"false";"false";"false";1
760;"CL7";"Produits financiers";"view";;;"true";"true";"true";"false";"false";1
761000;760;"Produits de participations";"income";;;"true";"true";"false";"false";"false";1
761100;761000;"Revenus des titres de participation";"income";;;"true";"true";"false";"false";"false";1
761600;761000;"Revenus sur autres formes de participation ";"income";;;"true";"true";"false";"false";"false";1
761700;761000;"Revenus des créances rattachées à des participations";"income";;;"true";"true";"false";"false";"false";1
762000;760;"Produits des autres immobilisations financières";"income";;;"true";"true";"false";"false";"false";1
762100;762000;"Revenus des titres immobilisés";"income";;;"true";"true";"false";"false";"false";1
762600;762000;"Revenus des prêts";"income";;;"true";"true";"false";"false";"false";1
762700;762000;"Revenus des créances immobilisées";"income";;;"true";"true";"false";"false";"false";1
763000;760;"Revenus des autres créances";"income";;;"true";"true";"false";"false";"false";1
763100;763000;"Revenus des créances commerciales ";"income";;;"true";"true";"false";"false";"false";1
763800;763000;"Revenus des créances diverses";"income";;;"true";"true";"false";"false";"false";1
764000;760;"Revenus des valeurs mobilières de placement";"income";;;"true";"true";"false";"false";"false";1
765000;760;"Escomptes obtenus";"income";;;"true";"true";"false";"false";"false";1
766000;760;"Gains de change";"income";;;"true";"true";"false";"false";"false";1
767000;760;"Produits nets sur cessions de valeurs mobilières de placement";"income";;;"true";"true";"false";"false";"false";1
768000;760;"Autres produits financiers";"income";;;"true";"true";"false";"false";"false";1
770;"CL7";"Produits exceptionnels";"view";;;"true";"true";"true";"false";"false";1
771000;770;"Produits exceptionnels sur opérations de gestion";"income";;;"true";"true";"false";"false";"false";1
771100;771000;"Dédits et pénalités perçus sur achats et sur ventes";"income";;;"true";"true";"false";"false";"false";1
771300;771000;"Libéralités reçues";"income";;;"true";"true";"false";"false";"false";1
771400;771000;"Rentrées sur créances amorties";"income";;;"true";"true";"false";"false";"false";1
771500;771000;"Subventions d'équilibre";"income";;;"true";"true";"false";"false";"false";1
771700;771000;"Dégrèvements d'impôts autres qu'impôts sur les bénéfices";"income";;;"true";"true";"false";"false";"false";1
771800;771000;"Autres produits exceptionnels sur opérations de gestion";"income";;;"true";"true";"false";"false";"false";1
772000;770;"Produits sur exercices antérieurs (en cours d'exercice seulement)";"income";;;"true";"true";"false";"false";"false";1
775000;770;"Produits des cessions d'éléments d'actif";"income";;;"true";"true";"false";"false";"false";1
775100;775000;"Immobilisations incorporelles";"income";;;"true";"true";"false";"false";"false";1
775200;775000;"Immobilisations corporelles";"income";;;"true";"true";"false";"false";"false";1
775600;775000;"Immobilisations financières";"income";;;"true";"true";"false";"false";"false";1
775800;775000;"Autres éléments d'actif";"income";;;"true";"true";"false";"false";"false";1
777000;770;"Quote-part des subventions d'investissement virée au résultat de l'exercice";"income";;;"true";"true";"false";"false";"false";1
778000;770;"Autres produits exceptionnels";"income";;;"true";"true";"false";"false";"false";1
778100;778000;"Bonis provenant de clauses d'indexation ";"income";;;"true";"true";"false";"false";"false";1
778200;778000;"Lots";"income";;;"true";"true";"false";"false";"false";1
778300;778000;"Bonis provenant du rachat par l'entreprise d'actions et d'obligations émises par elle-même";"income";;;"true";"true";"false";"false";"false";1
778800;778000;"Produits exceptionnels divers";"income";;;"true";"true";"false";"false";"false";1
780;"CL7";"Reprises sur amortissements, dépréciations et provisions";"view";;;"true";"true";"true";"false";"false";1
781000;780;"Reprises sur amortissements, dépréciations et provisions (à inscrire dans les produits d'exploitation)";"income";;;"true";"true";"false";"false";"false";1
781100;781000;"Reprises sur amortissements des immobilisations incorporelles et corporelles ";"income";;;"true";"true";"false";"false";"false";1
781110;781100;"Immobilisations incorporelles";"income";;;"true";"true";"false";"false";"false";1
781120;781100;"Immobilisations corporelles";"income";;;"true";"true";"false";"false";"false";1
781500;781000;"Reprises sur provisions d'exploitation";"income";;;"true";"true";"false";"false";"false";1
781600;781000;"Reprises sur dépréciations des immobilisations corporelles et incorporelles";"income";;;"true";"true";"false";"false";"false";1
781610;781600;"Immobilisations incorporelles";"income";;;"true";"true";"false";"false";"false";1
781620;781600;"Immobilisations corporelles";"income";;;"true";"true";"false";"false";"false";1
781700;781000;"Reprises sur dépréciations des actifs circulants";"income";;;"true";"true";"false";"false";"false";1
781730;781700;"Stocks et en-cours";"income";;;"true";"true";"false";"false";"false";1
781740;781700;"Créances";"income";;;"true";"true";"false";"false";"false";1
786000;780;"Reprises sur dépréciations et provisions (à inscrire dans les produits financiers)";"income";;;"true";"true";"false";"false";"false";1
786500;786000;"Reprises sur provisions financiers";"income";;;"true";"true";"false";"false";"false";1
786600;786000;"Reprises sur dépréciations des éléments financiers";"income";;;"true";"true";"false";"false";"false";1
786620;786600;"Immobilisations financières";"income";;;"true";"true";"false";"false";"false";1
786650;786600;"Valeurs mobilières de placement";"income";;;"true";"true";"false";"false";"false";1
787000;780;"Reprises sur dépréciations et provisions (à inscrire dans les produits exceptionnels)";"income";;;"true";"true";"false";"false";"false";1
787200;787000;"Reprises sur provisions réglementées (immobilisations)";"income";;;"true";"true";"false";"false";"false";1
787250;787200;"Amortissements dérogatoires";"income";;;"true";"true";"false";"false";"false";1
787260;787200;"Provision spéciale de réévaluation";"income";;;"true";"true";"false";"false";"false";1
787270;787200;"Plus-values réinvesties";"income";;;"true";"true";"false";"false";"false";1
787300;787000;"Reprises sur provisions réglementées (stocks) ";"income";;;"true";"true";"false";"false";"false";1
787400;787000;"Reprises sur autres provisions réglementées ";"income";;;"true";"true";"false";"false";"false";1
787500;787000;"Reprises sur provisions exceptionnelles";"income";;;"true";"true";"false";"false";"false";1
787600;787000;"Reprises pour dépréciations exceptionnelles";"income";;;"true";"true";"false";"false";"false";1
790;"CL7";"Transferts de charges";"view";;;"true";"true";"true";"false";"false";1
791000;790;"Transferts de charges d'exploitation";"income";;;"true";"true";"false";"false";"false";1
796000;790;"Transferts de charges financières";"income";;;"true";"true";"false";"false";"false";1
797000;790;"Transferts de charges exceptionnelles";"income";;;"true";"true";"false";"false";"false";1
800;"CL8";"Engagements";"view";;;;;"true";"false";"false";1
801000;800;"Engagements donnés par l'entité";"commitment";;;;;"false";"false";"false";1
801100;801000;"Avals, cautions, garanties";"commitment";;;;;"false";"false";"false";1
801400;801000;"Effets circulant sous l'endos de l'entité";"commitment";;;;;"false";"false";"false";1
801600;801000;"Redevances crédit-bail restant à courir";"commitment";;;;;"false";"false";"false";1
801610;801600;"Crédit-bail mobilier";"commitment";;;;;"false";"false";"false";1
801650;801600;"Crédit-bail immobilier";"commitment";;;;;"false";"false";"false";1
801800;801000;"Autres engagements donnés";"commitment";;;;;"false";"false";"false";1
802000;800;"Engagements reçus par l'entité";"commitment";;;;;"false";"false";"false";1
802100;802000;"Avals, cautions, garanties";"commitment";;;;;"false";"false";"false";1
802400;802000;"Créances escomptées non échues";"commitment";;;;;"false";"false";"false";1
802600;802000;"Engagements reçus pour utilisation en crédit-bail";"commitment";;;;;"false";"false";"false";1
802610;802600;"Crédit-bail mobilier";"commitment";;;;;"false";"false";"false";1
802650;802600;"Crédit-bail immobilier";"commitment";;;;;"false";"false";"false";1
802800;802000;"Autres engagements reçus";"commitment";;;;;"false";"false";"false";1
809;800;"Contrepartie des engagements";"view";;;;;"true";"false";"false";1
809100;809;"Contrepartie 801";"commitment";;;;;"false";"false";"false";1
809200;809;"Contrepartie 802";"commitment";;;;;"false";"false";"false";1
880;"CL8";"Résultats en instance d'affectation";"view";;;;;"true";"false";"false";1
890;"CL8";"Bilan";"view";;;;;"true";"false";"false";1
890000;890;"Bilan d'ouverture";"special";;;;;"false";"false";"false";1
891000;890;"Bilan de clôture";"special";;;;;"false";"false";"false";1
